0 ISS (ZARYA)
1 25544U 98067A   26204.18538858  .00009623  00000-0  18183-3 0  9994
2 25544  51.6313 121.9488 0006906 328.2241  31.8329 15.49110422577337
0 NEMO-HD
1 46277U 20061F   26204.33599134  .00010996  00000-0  23289-3 0  9998
2 46277  97.1900 265.9360 0001129 119.4603 240.6759 15.45270087327567
0 OBJECT G
1 44885U 19093G   26204.28389829  .00007242  00000-0  52512-3 0  9997
2 44885  97.7911 298.7867 0010533 309.9698  50.0602 15.04200157358079
0 METEOR M2-2
1 44387U 19038A   26204.28083708  .00000320  00000-0  15807-3 0  9996
2 44387  98.9174 192.1029 0000219 350.0703  10.0471 14.24375321366437
0 D-STAR ONE SPARROW
1 43881U 18111F   26202.82239782  .00335068  42557-4  12455-2 0  9990
2 43881  97.6061 147.2939 0009272 136.2129 223.9879 15.87961081416843
0 EAGLET 1
1 43790U 18099AJ  26204.09528490  .00003947  00000-0  22585-3 0  9999
2 43790  97.4211 252.8137 0010179 213.7981 146.2602 15.13175372417767
0 RANGE A
1 43773U 18099R   26204.07718998  .00004396  00000-0  24782-3 0  9992
2 43773  97.3951 245.6085 0009288 214.1641 145.8994 15.13654631417924
0 AO-95
1 43770U 18099N   26204.11741777  .00012936  00000-0  48430-3 0  9990
2 43770  97.4362 264.2441 0007956 208.6564 151.4239 15.27399464418700
0 ES'HAIL 2
1 43700U 18090A   26204.26099580  .00000149  00000-0  00000-0 0  9999
2 43700   0.0109  31.3553 0002539 123.6908 265.7146  1.00274083 28033
0 DIWATA 2B
1 43678U 18084H   26204.24617997  .00001630  00000-0  13412-3 0  9992
2 43678  98.1226  42.0352 0012317  59.3963 300.8473 15.00583599421628
0 TEN-KOH
1 43677U 18084G   26204.27363092  .00001875  00000-0  14397-3 0  9992
2 43677  98.0772  38.1576 0009418   7.6550 352.4816 15.03075413421585
0 CARTOSAT 2F
1 43111U 18004A   26204.30241141  .00004620  00000-0  22262-3 0  9992
2 43111  97.4769 263.5792 0002829 121.8311 238.3199 15.19219282472813
0 CZ-11 R/B
1 41847U 16066G   26204.18453523  .00000635  00000-0  97781-4 0  9998
2 41847  98.3807 279.5088 0341806  20.5476 340.9087 14.44780183509999
0 ALSAT 1N
1 41789U 16059G   26204.07203690  .00000660  00000-0  11893-3 0  9998
2 41789  97.8024 205.8277 0027485  73.9706 286.4525 14.69357620525276
0 CARTOSAT 2C
1 41599U 16040A   26204.28572146  .00003997  00000-0  19241-3 0  9996
2 41599  97.4465 263.7626 0008712  20.3965 339.7616 15.19308789559195
0 LILACSAT 2
1 40908U 15049K   26204.31314877  .00019302  00000-0  31507-3 0  9992
2 40908  97.4631 242.5495 0008624 118.1480 242.0645 15.52584029601356
0 VELOX 1
1 40057U 14034E   26204.26124061  .00005030  00000-0  42936-3 0  9999
2 40057  98.2488 111.3124 0007436 143.7237 216.4490 14.98166131652006
0 CANX-4
1 40055U 14034C   26204.15560153  .00000725  00000-0  10019-3 0  9994
2 40055  98.3072  80.7813 0011389 254.2192 105.7764 14.81320988649855
0 AISAT
1 40054U 14034B   26204.23262568  .00011006  00000-0  69073-3 0  9999
2 40054  98.2357 119.2793 0011123  98.8963 261.3524 15.09446612652646
0 TIGRISAT
1 40043U 14033AK  26204.22676706  .00001339  00000-0  15932-3 0  9991
2 40043  97.7874 353.4239 0048043 317.5587  42.1917 14.85266884650972
0 NANOSAT C BR1
1 40024U 14033Q   26204.19384921  .00018251  00000-0  58294-3 0  9990
2 40024  98.0711 239.7999 0004941  77.8706 282.3087 15.32526557659493
0 UNISAT 6
1 40012U 14033C   26204.23615612  .00001990  00000-0  21719-3 0  9990
2 40012  97.7919 356.3255 0043662 310.7239  49.0189 14.88391327651522
0 AIST 1
1 39492U 13078C   26204.27601756  .00000619  00000-0  52506-4 0  9992
2 39492  82.4137 235.9115 0017516 151.6382 208.5798 14.96148251680640
0 HINCUBE
1 39445U 13066AF  26203.64111494  .00007195  00000-0  45704-3 0  9999
2 39445  97.7994 172.7090 0035009  90.3040 270.2199 15.08658840684879
0 FUNCUBE 1
1 39444U 13066AE  26204.17915288  .00007622  00000-0  46639-3 0  9993
2 39444  97.8300 176.3916 0038134  81.8391 278.7160 15.09903824685095
ZACUBE
1 39417U 13066B   26201.86646474  .00001847  00000-0  14537-3 0  9999
2 39417  97.7999 164.3670 0044079 137.0238 223.4444 15.01347026685787
0 ESTCUBE 1
1 39161U 13021C   26204.12743433  .00001267  00000-0  16808-3 0  9990
2 39161  97.7273 257.0483 0006720 254.0598 105.9875 14.81493197710341
0 CUBEBUG 1
1 39153U 13018D   26204.18595695  .00003018  00000-0  26419-3 0  9993
2 39153  98.1695   5.7415 0011744  35.6390 324.5612 14.97487206716450
0 BRITE-A TUGSAT-1
1 39091U 13009F   26204.00903347  .00000146  00000-0  64070-4 0  9997
2 39091  98.4015  22.5617 0011149 129.2260 230.9918 14.36554832702194
0 AAUSAT3
1 39087U 13009B   26203.96629784  .00000519  00000-0  17843-3 0  9995
2 39087  98.3714  26.9485 0012666 103.4647 256.7954 14.39978734702328
0 FENGYUN 3B
1 37214U 10059A   26204.30535766 -.00000169  00000-0 -63890-4 0  9999
2 37214  98.9604 250.4692 0023256  84.8808   6.1858 14.14847229812536
0 TISAT 1
1 36799U 10035E   26204.29318227  .00021823  00000-0  68647-3 0  9991
2 36799  98.0704 154.0856 0004851 104.9298 255.2479 15.32974639873230
0 NOAA 19
1 33591U 09005A   26204.29298328  .00000011  00000-0  29886-4 0  9991
2 33591  98.9503 275.1908 0012716 289.5371  70.4428 14.13479265899587
0 FENGYUN 3A
1 32958U 08026A   26204.27576991  .00000052  00000-0  45333-4 0  9992
2 32958  98.6886 144.4352 0009328  30.5483 329.6235 14.19577801940525
0 YUBELEINY
1 32953U 08025A   26204.31360200  .00000103  00000-0  67003-3 0  9999
2 32953  82.5068 332.9679 0018830 230.3852 129.5566 12.43181419824186
0 CARTOSAT 2A
1 32783U 08021A   26204.30287968  .00000830  00000-0  11825-3 0  9992
2 32783  97.7616 251.7753 0011743   2.1714 357.9547 14.79284060984149
0 MOZHAYETS 4
1 27939U 03042A   26204.28095087  .00000392  00000-0  68593-4 0  9991
2 27939  98.3487  29.6623 0011838 148.2656 328.9464 14.73522377220867
0 NOAA 9
1 15427U 84123A   26204.07181289  .00000065  00000-0  55233-4 0  9990
2 15427  99.0982 231.5398 0013663 246.6113 174.4155 14.17076462148504
OSCAR-11-UOSAT-2
1 14781U 84021B   26203.25715222  .00001166  00000-0  12393-3 0  9990
2 14781  97.8082 168.4468 0009119  71.8134 288.4076 14.90861576262358
0 OSCAR 7
1 07530U 74089B   26204.28001248 -.00000040  00000-0  41374-4 0  9990
2 07530 101.9909 217.9030 0012610  63.4131 306.8461 12.53698643365049
0 PROX-1
1 44339U 19036A   26204.26272540  .00012408  00000-0  11842-2 0  9997
2 44339  23.9936 233.1150 0006449  95.2841 264.8394 14.91374397378860
0 AUTCUBE 2
1 43681U 18084K   26204.07565430  .00003291  00000-0  20517-3 0  9990
2 43681  98.0689  52.1544 0007485 283.6661  76.3733 15.10300588422346
0 CZ-4B R/B
1 43656U 18081B   26204.24259850  .00000054  00000-0  33055-4 0  9990
2 43656  99.3653 125.0395 0204909 162.6565 198.1753 14.31873909404468
0 CORVUS BC1
1 42847U 17042Y   26203.98874837  .00002931  00000-0  20140-3 0  9991
2 42847  97.4132   4.7956 0010884 332.1625  27.9019 15.06654610492486
0 NORSAT 2
1 42828U 17042D   26204.05001962  .00011232  00000-0  48648-3 0  9997
2 42828  97.4064  16.9427 0007940 286.0288  74.0073 15.22539263493194
0 CARTOSAT 2E
1 42767U 17036C   26204.26945186  .00003792  00000-0  18284-3 0  9995
2 42767  97.4255 263.4724 0004246 160.8288 199.3107 15.19298695503628
0 CHUBUSAT 3
1 41339U 16012C   26204.08972257  .00005011  00000-0  22945-3 0  9996
2 41339  31.0045  96.1677 0008875  69.5824 290.5769 15.18818102573663
0 SINOD-D 1
1 40974U 15058L   26204.29930863  .00013145  00000-0  61313-3 0  9998
2 40974  64.7589  56.8012 0082803  32.2910 328.3244 15.17090256121090
0 FOX-1
1 40967U 15058D   26204.30272102  .00003792  00000-0  33669-3 0  9997
2 40967  64.7741 166.7325 0133071  42.7370 318.3997 14.91129767118956
0 LQSAT
1 40958U 15057A   26204.25114817  .00000099  00000-0  20919-4 0  9990
2 40958  97.6707 195.8447 0017675 150.3515 209.8702 14.76818496580632
UKUBE-1
1 40074U 14037F   26203.00273654  .00008356  00000-0  46405-3 0  9994
2 40074  98.4254 209.9476 0003135  76.9955 283.1624 15.14023415653825
0 POLYITAN 1
1 40042U 14033AJ  26204.06246917  .00021431  00000-0  64372-3 0  9996
2 40042  98.0941 233.7493 0007098  40.3838 319.7929 15.34435715659091
0 QB50P1
1 40025U 14033R   26203.79923947  .00008602  00000-0  41700-3 0  9996
2 40025  98.0975 217.4558 0010565 102.9257 257.3156 15.18749882658434
0 BUGSAT 1
1 40014U 14033E   26204.27801036  .00007814  00000-0  40709-3 0  9994
2 40014  98.0424 298.9466 0028704  59.5702 300.8360 15.15945185661301
0 UWE-3
1 39446U 13066AG  26204.30668996  .00003059  00000-0  26352-3 0  9991
2 39446  97.8729 160.6343 0047856 196.8794 163.0837 14.97241976682988
0 FENGYUN 3C
1 39260U 13052A   26204.22855317  .00000073  00000-0  58124-4 0  9992
2 39260  98.5007 176.4536 0013447 280.9532  79.0130 14.15762165663666
0 STRAND 1
1 39090U 13009E   26204.05022801  .00000241  00000-0  95167-4 0  9995
2 39090  98.3941  23.4053 0009730 120.1275 240.0877 14.37182344702218
AENEAS
1 38760U          23265.85685185  .00000000  00000-0  15764-2 0    06
2 38760  64.6448 191.4103 0027263 114.7582 355.9422 15.68528680    04
0 HORYU 2
1 38340U 12025D   26204.20608221  .00002945  00000-0  30193-3 0  9992
2 38340  98.2215 338.6290 0009166  69.5826 290.6375 14.91261116754095
0 O/OREOS (USA 219)
1 37224U 10062C   26203.42053629  .00001606  00000-0  15681-3 0  9998
2 37224  71.9704   0.5182 0014482 351.1937   8.8977 14.93871007121904
0 CARTOSAT 2B
1 36795U 10035A   26204.27285926  .00000049  00000-0  13771-4 0  9990
2 36795  97.9935 254.5874 0012724  77.1664 283.0967 14.78656087865181
0 XIWANG-1 (HOPE-1)
1 36122U 09072B   26204.26745959 -.00000315  00000-0 -70884-3 0  9994
2 36122 100.4040 157.5263 0007771 146.8491 213.3111 13.16439359797750
0 ITUPSAT 1
1 35935U 09051E   26203.72659903  .00000550  00000-0  12334-3 0  9990
2 35935  98.4011 110.9439 0008488 122.2889 237.9135 14.60486457893923
0 BEESAT
1 35933U 09051C   26203.84145627  .00000667  00000-0  14346-3 0  9998
2 35933  98.3927 111.9069 0006451 110.1032 250.0863 14.61770632894398
0 SWISSCUBE
1 35932U 09051B   26204.15543684  .00000831  00000-0  17352-3 0  9990
2 35932  98.3998 112.6657 0008109  98.0034 262.2087 14.62541744894411
0 KKS-1 (KISEKI)
1 33499U 09002H   26204.21506685  .00001077  00000-0  13865-3 0  9997
2 33499  98.1169 127.2277 0008073 162.9724 197.1761 14.83203408941538
0 EYESAT A
1 22825U 93061C   26204.15037507  .00000058  00000-0  39247-4 0  9992
2 22825  98.6861 271.5473 0008293   3.0265 357.0967 14.30950552712142
0 UWE-4
1 43880U 18111E   26203.33377656  .00035708  00000-0  67878-3 0  9990
2 43880  97.5824 133.3991 0007416 169.0004 191.1409 15.48148910416217
0 SUOMI100
1 43804U 18099AY  26204.27046856  .00012971  00000-0  45960-3 0  9995
2 43804  97.4166 264.5443 0011201 146.1904 214.0052 15.29177789418937
0 ASTROCAST-01
1 43798U 18099AS  26204.20255672  .00043939  00000-0  73076-3 0  9995
2 43798  97.4364 283.8849 0005195 106.9007 253.2815 15.51920970420013
0 ITASAT
1 43786U 18099AE  26204.11473472  .00006774  00000-0  32216-3 0  9999
2 43786  97.4011 254.9146 0011396 219.6719 140.3683 15.19452558418360
0 SNUGLITE
1 43784U 18099AC  26204.10665467  .00013311  00000-0  49116-3 0  9995
2 43784  97.3847 258.0460 0004249 140.0295 220.1258 15.27889197418809
0 SNUSAT-2
1 43782U 18099AA  26204.09635017  .00009272  00000-0  40436-3 0  9996
2 43782  97.4040 256.9356 0010998 161.2710 198.8933 15.22330753418499
OBJECT-Q
1 43772U 18099Q   26182.81231119  .08872736  25300-5  91617-3 0  9998
2 43772  97.3932 266.0295 0016550 265.7852  94.1554 16.37399568417018
0 S-NET D
1 43186U 18014G   26204.15093561  .00004975  00000-0  25535-3 0  9998
2 43186  97.5321 108.7180 0006295 249.6107 110.4450 15.16969037464216
0 S-NET C
1 43189U 18014K   26204.16717276  .00004570  00000-0  23505-3 0  9994
2 43189  97.5354 109.0177 0008320 236.9120 123.1315 15.16929043462762
0 S-NET B
1 43187U 18014H   26204.22906354  .00004722  00000-0  24272-3 0  9997
2 43187  97.5326 108.7833 0006943 243.8856 116.1664 15.16938772464227
0 S-NET A
1 43188U 18014J   26204.14961587  .00005052  00000-0  25917-3 0  9992
2 43188  97.5337 108.9200 0006849 245.0796 114.9726 15.16977499464215
0 AO-91
1 43017U 17073E   26204.18723756  .00008194  00000-0  35489-3 0  9990
2 43017  97.4662  70.6688 0148656 203.7073 155.7263 15.13140662470838
0 CZ-4C R/B
1 43012U 17072C   26204.25637035  .00000244  00000-0  58009-4 0  9998
2 43012  98.5816 313.4404 0123076  41.2649 319.7771 14.58813363461898
0 TECHNOSAT
1 42829U 17042E   26204.01787719  .00001980  00000-0  14284-3 0  9993
2 42829  97.4322   0.3247 0016730 337.0298  23.0179 15.05139941492093
0 DSAT
1 42794U 17036AF  26203.18321168  .00008435  00000-0  38892-3 0  9999
2 42794  97.5582 182.0157 0082229  41.5190 319.2249 15.17476753496163
0 QB50P2
1 40032U 14033Y   26203.75700805  .00007182  00000-0  38192-3 0  9999
2 40032  98.0772 202.8656 0009014  62.7755 297.4394 15.15578446658057
0 DTUSAT 2
1 40030U 14033W   26204.09638976  .00007285  00000-0  38894-3 0  9997
2 40030  98.0885 204.1175 0009663 109.3666 250.8610 15.15426387658128
0 DUCHIFAT 1
1 40021U 14033M   26203.61891863  .00168289  00000-0  12291-2 0  9994
2 40021  98.0416 267.9836 0003731 228.0656 132.0288 15.72730714661308
0 CUBEBUG 2
1 39440U 13066AA  26204.29932029  .00002525  00000-0  23554-3 0  9992
2 39440  97.8916 153.4406 0055480 267.8104  91.6762 14.94006519682382
0 GOMX 1
1 39430U 13066Q   26204.27375828  .00000867  00000-0  13686-3 0  9999
2 39430  97.6471  42.4595 0127559 322.1717  37.0576 14.69554635675213
0 SRMSAT
1 37841U 11058D   26204.33651532  .00000363  00000-0  53261-4 0  9993
2 37841  19.9701 200.6646 0011561 241.2167 146.8753 14.11582322762933
0 JUGNU
1 37839U 11058B   26204.02255512  .00000401  00000-0  70106-4 0  9994
2 37839  19.9608  90.7073 0018653 112.3991  15.7019 14.13785262764100
0 CUTE-1.7+APD 2
1 32785U 08021C   26204.10818674  .00005733  00000-0  35922-3 0  9997
2 32785  97.8296 186.2868 0006969 265.7589  94.2843 15.09750992990611
XI-V
1 28895U 05043F   26202.37477685  .00000932  00000-0  15414-3 0  9995
2 28895  98.3024 358.7230 0015344  97.2573 263.0378 14.72712744106788
0 NOAA 18
1 28654U 05018A   26204.28770920  .00000033  00000-0  40425-4 0  9993
2 28654  98.8103 283.4394 0015047  51.6490 308.6033 14.13735136 91413
0 CUBESAT XI 4
1 27848U 03031J   26204.01036090  .00000205  00000-0  10894-3 0  9991
2 27848  98.6778 211.8037 0010713  99.0689 261.1702 14.23637690196478
0 CUTE-1
1 27844U 03031E   26204.00389230  .00000238  00000-0  12202-3 0  9994
2 27844  98.6747 212.1136 0010851  82.6312 277.6100 14.24355144196777
0 PCSAT
1 26931U 01043C   26204.26923272  .00000123  00000-0  76733-4 0  9992
2 26931  67.0504 150.9466 0005844 267.3031  92.7402 14.31967449295614
0 TECHSAT 1B
1 25397U 98043D   26204.23945123  .00000045  00000-0  39427-4 0  9991
2 25397  99.0092 197.9112 0002332 102.2054 257.9385 14.24434488456467
0 NOAA 15
1 25338U 98030A   26204.29221116  .00000083  00000-0  51553-4 0  9993
2 25338  98.5065 223.9488 0009174 238.0022 122.0268 14.27155968466443
0 JAS 2
1 24278U 96046B   26204.16841843 -.00000042  00000-0 -59925-5 0  9990
2 24278  98.5215  48.1081 0349969   3.2680 357.0634 13.53275828478030
0 ITAMSAT
1 22826U 93061D   26204.11905141  .00000047  00000-0  34621-4 0  9996
2 22826  98.6808 271.4372 0008465 345.7745  14.3198 14.31378310712451
0 OSCAR 19 (LUSAT)
1 20442U 90005G   26204.32203216  .00000084  00000-0  46530-4 0  9993
2 20442  98.8846 227.1220 0012689  99.6181 260.6437 14.34132410907572
0 OBJECT C
1 44881U 19093C   26204.25824412 -.00000002  00000-0  58281-5 0  9991
2 44881  97.7512 275.6083 0012854 334.5083  25.5498 14.86566659356772
0 AISTECHSAT-2
1 43768U 18099L   26204.07075357  .00005841  00000-0  30940-3 0  9990
2 43768  97.4277 251.3226 0005419 156.0261 204.1225 15.15772122417716
0 MINXSS-2
1 43758U 18099A   26204.15895577  .00044319  00000-0  80786-3 0  9998
2 43758  97.4514 281.5580 0008893 135.7312 224.4651 15.49293278419691
0 METOP-C
1 43689U 18087A   26204.24714249  .00000067  00000-0  50534-4 0  9995
2 43689  98.6623 263.1876 0002070  83.3815 276.7598 14.21504413399950
0 STARS-AO
1 43679U 18084J   26204.08252746  .00006156  00000-0  31164-3 0  9994
2 43679  98.0472  60.2697 0003363  65.1896 294.9685 15.17407191422918
0 FLYING LAPTOP
1 42831U 17042G   26204.31128138  .00003277  00000-0  25791-3 0  9999
2 42831  97.4850 358.4943 0019179   6.7641 353.3839 15.01350719491875
0 CARTOSAT 2D
1 41948U 17008A   26204.31738991  .00003464  00000-0  16715-3 0  9997
2 41948  97.4085 262.9436 0006510 117.6697 242.5199 15.19327348523063
0 PRATHAM
1 41783U 16059A   26203.97923500  .00000621  00000-0  11769-3 0  9998
2 41783  97.8343 199.2678 0032695 103.9950 256.4894 14.67234010524763
0 CANX-5
1 40056U 14034D   26204.15361427  .00000728  00000-0  10051-3 0  9997
2 40056  98.3075  80.8249 0011392 254.4845 105.5108 14.81338375640663
0 NEE 02 KRYSAOR
1 39441U 13066AB  26204.28413993  .00001814  00000-0  20262-3 0  9999
2 39441  97.8897 143.2466 0064744 312.4198  47.1551 14.86763677681564
0 VELOX-P 2
1 39438U 13066Y   26204.28797658  .00002261  00000-0  21626-3 0  9990
2 39438  97.8761 155.7026 0051397 221.9692 137.7584 14.93280701683220
0 ICUBE 1
1 39432U 13066S   26203.92373016  .00014321  00000-0  54705-3 0  9996
2 39432  97.5712 190.0623 0015338 197.0223 163.0503 15.26629487689864
0 BRITE-PL
1 39431U 13066R   26204.24839921  .00000467  00000-0  10325-3 0  9999
2 39431  97.7984 314.0059 0188430 258.9735  99.0218 14.51393492669169
0 DELFI-N3XT
1 39428U 13066N   26204.24777521  .00007297  00000-0  62821-3 0  9998
2 39428  97.8307 124.5293 0075789  86.7891 274.1997 14.95429875680011
0 CINEMA 3
1 39426U 13066L   26204.21910629  .00001230  00000-0  16470-3 0  9991
2 39426  97.8369 115.4690 0091327  95.3468 265.8171 14.78368457679770
0 CASSIOPE
1 39265U 13055A   26204.20915035  .00020653 -46464-6  22139-3 0  9995
2 39265  80.9136  22.8700 0281476 300.6619  56.7142 15.27705346673164
0 NEE 01 PEGASUS
1 39151U 13018B   26203.83564981  .00002090  00000-0  20251-3 0  9993
2 39151  98.1267 349.1763 0013461  51.2724 308.9696 14.93816948716023
0 BRITE-U UNIBRITE
1 39092U 13009G   26204.02449967  .00000154  00000-0  67065-4 0  9999
2 39092  98.4054  22.6964 0010115 125.6104 234.6026 14.36426019702133
0 SARAL
1 39086U 13009A   26204.28245376  .00000064  00000-0  39497-4 0  9996
2 39086  98.5560  30.3937 0002165 148.6764 211.4550 14.32897216700778
0 METOP-B
1 38771U 12049A   26204.30010416  .00000070  00000-0  51603-4 0  9997
2 38771  98.6484 255.0750 0001423 214.4441 145.6644 14.21447997718397
0 METEOR-M
1 35865U 09049A   26203.79081703  .00000045  00000-0  39561-4 0  9994
2 35865  98.7410 166.0128 0001921 175.4146 184.7050 14.23163647874318
0 STARS (KUKAI)
1 33498U 09002G   26203.80557380  .00004012  00000-0  36329-3 0  9990
2 33498  98.1555 152.5755 0009963  59.5951 300.6252 14.95964883943802
0 HAMSAT
1 28650U 05017B   26204.04202511  .00003706  00000-0  23167-3 0  9991
2 28650  97.9904 228.6383 0017326 275.2296  84.6955 15.10004154152179
0 INMARSAT 4-F1
1 28628U 05009A   26203.77683400  .00000033  00000-0  00000-0 0  9994
2 28628   5.2168  42.7944 0002862  76.4892 278.9976  1.00273314 78020
0 OPAL
1 26063U 00004C   26204.28946043  .00000111  00000-0  56117-4 0  9998
2 26063 100.1912 147.7722 0035090 293.6265  66.1234 14.37976575388479
0 ORSTED
1 25635U 99008B   26204.15818306  .00000539  00000-0  12625-3 0  9999
2 25635  96.4793 103.4969 0133487  71.5433 290.0223 14.51839776447185
0 RADIO ROSTO
1 23439U 94085A   26204.12374891 -.00000032  00000-0  29316-3 0  9996
2 23439  64.8139 245.0977 0157220 357.2514   2.7532 11.27583662299956
0 OPS 6582 (TRANSIT 5B-5)
1 00965U 64083D   26204.28747256  .00000064  00000-0  76345-4 0  9995
2 00965  90.0764 203.3281 0041906 169.4289 202.2294 13.57015647 48514
0 M2 PATHFINDER
1 45727U 20037E   26204.08863179  .00002397  00000-0  17405-3 0  9994
2 45727  97.8144  35.7270 0012204  37.2846 322.9225 15.04815314330893
0 TAURUS-1
1 44530U 19059C   26204.26286049  .00004835  00000-0  77085-3 0  9991
2 44530  98.6450  11.3439 0008630 189.5500 170.5543 14.72426656363950
0 FORMOSAT7-4/COSMIC2-4
1 44350U 19036M   26204.14034491  .00002065  00000-0  15091-3 0  9997
2 44350  23.9964 212.0914 0000797 239.1460 120.8963 14.96631224389465
0 ISAT
1 43879U 18111D   26203.81874626  .00144774  00000-0  10755-2 0  9995
2 43879  97.5842 141.9701 0008658 127.1758 233.0296 15.72361141416758
0 CENTAURI-1
1 43809U 18099BD  26204.10020271  .00005716  00000-0  29462-3 0  9993
2 43809  97.4201 255.0514 0013721 196.1944 163.8853 15.16681081417945
0 JY1SAT
1 43803U 18099AX  26204.16369215  .00018579  00000-0  55333-3 0  9994
2 43803  97.4110 267.1455 0007337 134.6485 225.5357 15.34719584419148
0 ESEO
1 43792U 18099AL  26204.10012466  .00001324  00000-0  99050-4 0  9993
2 43792  97.3964 239.9493 0011309 202.4336 157.6398 15.04344786417203
0 LUOJIA-1 01
1 43485U 18048B   26204.30095242  .00001820  00000-0  20718-3 0  9996
2 43485  97.8087 281.9088 0009031  13.0316 347.1132 14.87399836439586
0 LAPAN A3
1 41603U 16040E   26204.28254914  .00003438  00000-0  10905-3 0  9990
2 41603  97.1511 199.2510 0008451 240.0882 119.9523 15.33314779560340
HORYU-4
1 41340U 16012D   26182.79199294  .04204222 -38650-5  11151-2 0  9996
2 41340  30.9791 330.1929 0008660 346.1826  13.8606 16.27112331573163
0 CHUBUSAT 2
1 41338U 16012B   26204.03952648  .00006094  00000-0  26110-3 0  9992
2 41338  30.9976  86.0453 0008378  83.3769 276.7826 15.21201481573887
0 DX 1
1 40071U 14037C   26204.28841272  .00001015  00000-0  11154-3 0  9997
2 40071  98.3890 168.1882 0007729 144.8174 215.3553 14.90077773651482
0 METEOR M2
1 40069U 14037A   26204.25555837  .00000471  00000-0  23480-3 0  9990
2 40069  98.5143 178.7213 0004712 299.5827  60.4881 14.21472399624445
0 TRITON 1
1 39427U 13066M   26204.28859670  .00001764  00000-0  21444-3 0  9996
2 39427  97.8207 113.2691 0091131 116.0763 244.9865 14.81816807679433
0 CAPE 1
1 31130U 07012P   26204.16578756  .00001140  00000-0  21260-3 0  9997
2 31130  98.4488 179.6311 0082459 319.7294  39.7819 14.64969233 23629
0 METOP-A
1 29499U 06044A   26204.25217072  .00000790  00000-0  97872-4 0  9990
2 29499  98.3352 312.0918 0172644 314.6783  75.1096 14.76058330 30777
0 SAUDISAT 1C
1 27607U 02058C   26204.09590113  .00000878  00000-0  12088-3 0  9994
2 27607  64.5523  17.8775 0074286 255.8289 103.4556 14.83110516269786
0 BREEZE-KM R/B
1 44909U 19096E   26204.28086581  .00000006  00000-0 -26250-4 0  9999
2 44909  82.5245 315.7233 0218358  60.1746 302.0868 12.79748917306965
LAPAN-A2
1 40931U          26199.45381863  .00000000  00000-0  77536-4 0    07
2 40931   6.0006 322.6653 0012733 338.8432 273.6875 14.79294310    03
SEEDS
1 32791U 08021J   26203.44081651  .00019519  00000-0  59788-3 0  9990
2 32791  97.7536 203.0544 0003833 141.9870 218.1643 15.33845449992692
0 CORVUS BC2
1 42846U 17042X   26203.40027891  .00002704  00000-0  18692-3 0  9994
2 42846  97.4098   3.3923 0012704 358.0532   2.0644 15.06484162492360
0 AMSAT OSCAR 40
1 26609U 00072B   26204.05805761 -.00000144  00000-0  00000-0 0  9998
2 26609   9.3796 345.2522 7933933 189.7794 131.0814  1.25588997117960
0 DEORBITSAIL
1 40719U 15032E   26204.14840908  .00008214  00000-0  59241-3 0  9999
2 40719  97.5872  60.3001 0014021 111.0184 249.2543 15.04311270596659
0 OSCAR 10
1 14129U 83058B   26202.35803166  .00000044  00000-0  00000-0 0  9993
2 14129  25.9422 213.9384 5999429 125.0554 306.6315  2.05869545296197
0 ERS 20 (OV5-3)
1  2768U 67040D   75042.57142285 -.00000859  00000-0  10000-3 0  9999
2  2768  35.1200 158.1261 7498300 182.8409 167.1313  0.50865911 13857
0 OBJECT BS
1 43822U 18099BS  26203.94192566  .00005062  00000-0  27575-3 0  9993
2 43822  97.4300 253.1826 0006777 214.7531 145.3259 15.14832315411638
0 OBJECT P
1 43771U 18099P   26204.10829249  .00020215  00000-0  58561-3 0  9996
2 43771  97.4224 267.9888 0009661 149.2173 210.9638 15.35554725419059
0 OBJECT T
1 43775U 18099T   26204.06362472  .00003554  00000-0  22051-3 0  9997
2 43775  97.4189 247.2066 0005370 184.7122 175.4058 15.10325349417738
0 OBJECT D
1 43761U 18099D   26204.08753952  .00001412  00000-0  99027-4 0  9990
2 43761  97.4161 243.5936 0010341 215.0621 144.9928 15.06697431417516
SDS 3F5
1 32378U 07060A   25165.82553699 0.00000000  00000-0  00000-0 0    05
2 32378  63.9520 169.3856 7029490 266.5714  93.4286  2.00596936    02
0 SALSAT
1 46495U 20068K   26204.24596903  .00007467  00000-0  25762-3 0  9995
2 46495  97.8868 209.5206 0010070 165.1541 194.9995 15.30255611320876
0 NETSAT-1
1 46506U 20068W   26203.98822065  .00013630  00000-0  39886-3 0  9990
2 46506  97.8765 207.2088 0003069 219.8365 140.2652 15.35381572320795
0 NETSAT-2
1 46507U 20068X   26204.00519021  .00026134  00000-0  51093-3 0  9997
2 46507  97.8624 215.1901 0003280 179.0194 181.1062 15.47428781321274
0 NETSAT-3
1 46505U 20068V   26203.92216514  .00021215  00000-0  46971-3 0  9990
2 46505  97.8666 213.2389 0004759 181.9495 178.1734 15.43812094321198
0 NETSAT-4
1 46504U 20068U   26204.01860722  .00020969  00000-0  44656-3 0  9999
2 46504  97.8610 215.1699 0005710 167.1135 193.0259 15.44960693321307
0 DEKART
1 46493U 20068H   26204.19180888  .00013069  00000-0  35029-3 0  9990
2 46493  97.8751 216.0612 0010079 147.0840 213.1033 15.38087102321301
0 NORBI
1 46494U 20068J   26204.32802028  .00025839  00000-0  46289-3 0  9991
2 46494  97.8621 223.5182 0008650 120.8651 239.3451 15.49908268321800
0 ATLAS 5 CENTAUR DEB
1 44694U 18079BG  26203.77135238 -.00000146  00000-0  00000-0 0  9993
2 44694  13.6613  36.3796 4717447 304.8852  19.2164  1.77413879 47198
0 LES 1
1 01002U 65008C   26204.32020482  .00000012  00000-0  50050-3 0  9993
2 01002  32.1473 319.1196 0015205  40.0575 320.1041  9.88354800219760
0 SOLRAD 7B
1 01291U 65016D   26204.25048836  .00000012  00000-0  47623-4 0  9990
2 01291  70.0787 159.5931 0018539  71.2829 289.0287 13.94979323121732
0 ALOUETTE 2
1 01804U 65098A   26204.16758570  .00000437  00000-0  13764-3 0  9992
2 01804  79.7955 246.0377 1331021 159.5739 206.4217 12.28380570683696
0 OV3-3
1 02389U 66070A   26204.26715127  .00010493  00000-0  46407-3 0  9997
2 02389  81.3263 299.1618 1007868  64.0306 306.1115 13.46380924603828
0 ERS 15
1 02412U 66077C   26204.19633681  .00000002  00000-0  00000-0 0  9998
2 02412  90.3377 277.6601 0006732  34.1119 326.0164  8.59079610393558
0 ISIS 1
1 03669U 69009A   26204.21825726  .00000087  00000-0  52279-4 0  9999
2 03669  88.4457 140.4441 1707257 175.4601 186.4466 11.30437550363841
0 OPS 7613 (P/L 4)
1 04237U 69082E   26204.01391868  .00000000  00000-0  38247-4 0  9999
2 04237  70.0150  27.3539 0017974  82.3513  80.3442 13.96001182891303
0 OPS 7613 (P/L 1)
1 04256U 69082B   26204.12336201 -.00000004  00000-0  34032-4 0  9995
2 04256  70.0077 247.8148 0018944  10.1811 349.9676 13.99203934895494
0 SHINSEI (MS-F2)
1 05485U 71080A   26204.29301960  .00000070  00000-0  80901-4 0  9991
2 05485  32.0592 306.9027 0640296 277.8081  75.0326 12.74255348553863
0 OPS 7898 (P/L 2)
1 05680U 71110C   26204.18572680 -.00000027  00000-0  23919-4 0  9998
2 05680  69.9903 288.6298 0005876 138.5784 221.5757 13.74761323353166
0 EUTE 1-F4 (ECS 4)
1 18351U 87078B   26203.81966707 -.00000118  00000-0  00000-0 0  9996
2 18351  13.8032 341.8733 0009656  46.6670 315.2573  0.98688267127113
0 MAKERSAT 0
1 43016U 17073D   26204.08832403  .00023835  00000-0  62103-3 0  9990
2 43016  97.4573  86.9049 0105726 144.3345 216.5022 15.33243210471961
0 CLUSTER II-FM7
1 26410U 00041A   26201.60182196  .00010308 -30415-5  00000-0 0  9993
2 26410 149.8020  56.9135 9091714 274.4939 359.4480  0.44850593 20460
0 CLUSTER II-FM6
1 26411U 00041B   24252.84969984  .00055454 -32453-3  00000+0 0  9994
2 26411 150.0714  39.2512 9137785 255.7698   0.1508  0.44419796 28488
0 CLUSTER II-FM5
1 26463U 00045A   25293.57799104  .00003729  00000-0  00000-0 0  9994
2 26463 145.9975  98.1036 9083513 317.9304   1.7530  0.45057109 19104
0 CLUSTER II-FM8
1 26464U 00045B   26202.20533954  .00010745 -27334-5  00000-0 0  9996
2 26464 149.9891  58.1984 9095398 275.6516   2.0945  0.44430203 20467
0 OBJECT G
1 40905U 15049G   26204.29937580  .00053136  00000-0  45334-3 0  9994
2 40905  97.4533 250.6190 0006287  95.2421 264.9558 15.69350992602107
0 CARTOSAT 3
1 44804U 19081A   26204.31660662  .00003903  00000-0  18825-3 0  9995
2 44804  97.4285 265.5971 0012192  33.3611 326.8390 15.19224051368956
0 LINGQIAO VIDEO A
1 40959U 15057B   26204.25703634  .00000221  00000-0  37761-4 0  9992
2 40959  97.6648 197.2838 0017459 147.3640 212.8654 14.77431967580738
0 LINGQIAO VIDEO B
1 40960U 15057C   26204.29884650  .00001003  00000-0  14703-3 0  9995
2 40960  97.6612 198.4774 0017629 147.2585 212.9723 14.77540808580787
0 JILIN-1-03
1 41914U 17002B   26204.17148999  .00014580  00000-0  33911-3 0  9999
2 41914  97.1959 210.7699 0007306  57.9139 302.2817 15.42386868527407
0 JILIN 1
1 40961U 15057D   26204.29613326  .00000679  00000-0  10012-3 0  9993
2 40961  97.6525 201.8737 0017894 141.5363 218.7128 14.78210515580945
0 JILIN-01-04
1 43022U 17074A   26204.27566808  .00013468  00000-0  30434-3 0  9995
2 43022  97.4873 314.8774 0005068  78.4737 281.7079 15.43293985479834
0 JILIN-01-05
1 43023U 17074B   26204.25591708  .00008587  00000-0  26021-3 0  9994
2 43023  97.4876 310.9146 0006617 102.4165 257.7819 15.34379537479532
0 JILIN-01-06
1 43024U 17074C   26204.29862036  .00006770  00000-0  20762-3 0  9992
2 43024  97.4801 307.9180 0008417 110.3198 249.8950 15.34070165479374
0 JILIN-01-07
1 43159U 18008E   26204.20743706  .00008674  00000-0  25545-3 0  9991
2 43159  97.1773 223.1873 0006174 291.5961  68.4625 15.35260981470524
0 JILIN-01-08
1 43160U 18008F   26204.29879343  .00005752  00000-0  17673-3 0  9996
2 43160  97.1810 222.5510 0004428 317.2699  42.8200 15.34077248470484
0 JILIN-01-09
1 43943U 19005B   26204.23996546  .00004088  00000-0  18867-3 0  9999
2 43943  97.4739 298.9022 0001570  15.7377 344.3907 15.20789698414621
0 JILIN-01-10
1 43946U 19005E   26204.25945539  .00005574  00000-0  21894-3 0  9995
2 43946  97.4791 303.0745 0009251 144.0774 216.1088 15.26072110414810
CSSWE
1 38761U 12048D   26203.36662534  .00035010  00000-0  68752-3 0  9998
2 38761  64.6638 334.1606 0039626 162.8261 197.4230 15.46278567121837
FIREBIRD-B
1 39464U 13072C   24128.45952140 +.00019470 +00000+0 +11355-2 0    17
2 39464 120.4762  11.1310 0183873 288.8384  69.2821 14.98949398559739
0 IPEX
1 39471U 13072K   26204.16635245  .00007746  00000-0  36974-3 0  9999
2 39471 120.4681  75.1710 0169793  39.9313 321.4109 15.08494624120660
0 CP5
1 38763U 12048F   26204.25848957  .00015360  00000-0  51680-3 0  9992
2 38763  64.6454  33.3145 0072527 164.2630 196.0778 15.28451345122272
0 PROSPERO (BLACK ARROW)
1 05580U 71093A   26204.20698882  .00001222  00000-0  25464-3 0  9996
2 05580  82.0365 259.2127 0502270 123.8001 241.2056 14.01706416753570
0 CUBEL
1 47448U 21006AM  26204.11811358  .00022371  00000-0  52143-3 0  9991
2 47448  97.2310 254.3831 0007317  59.5990 300.5980 15.42234527305291
0 SECOR 4 (EGRS 4)
1 01315U 65027B   26204.26100990  .00000089  00000-0  29969-3 0  9996
2 01315  90.2499  16.3892 0032842 105.4217  17.5947 12.92668350891589
0 UNISAT 7
1 47945U 21022P   26204.19984530  .00014580  00000-0  35094-3 0  9991
2 47945  97.3844 109.5162 0006893 314.7540  45.3145 15.41362496295403
0 OBJECT F
1 47937U 21022F   26204.27365899  .00009201  00000-0  28562-3 0  9998
2 47937  97.3847 104.9453 0008451 335.5340  24.5500 15.33569713295248
0 OBJECT X
1 47953U 21022X   26203.87622377  .00202919  00000-0  92378-3 0  9995
2 47953  97.3856 123.3968 0003388 141.4102 218.7410 15.83287789296137
0 HJ-1A
1 33320U 08041A   26204.30646729  .00001417  00000-0  17559-3 0  9998
2 33320  97.6709 188.7536 0019744  24.5652 335.6499 14.84062901963763
0 HJ-1B
1 33321U 08041B   26204.29215736  .00000698  00000-0  90342-4 0  9999
2 33321  97.6548 191.8017 0037917  65.9041 294.6133 14.83376210963766
0 TURKSAT 3U
1 39152U 13018C   26204.18697495  .00002978  00000-0  26624-3 0  9995
2 39152  97.7919 294.8672 0011061 346.3697  13.7224 14.96617550716477
0 CSS (TIANHE-1)
1 48274U 21035A   26204.03437983  .00011304  00000-0  14912-3 0  9996
2 48274  41.4690 104.3124 0001740 306.7625  53.3054 15.58280026298766
0 SIRION PATHFINDER-2
1 43759U 18099B   26204.11938092  .00003743  00000-0  20479-3 0  9994
2 43759  97.4236 252.3249 0009297 164.7022 195.4493 15.14823429418060
0 MEGSAT 1
1 26546U 00057B   26204.27842092  .00002381  00000-0  17340-3 0  9995
2 26546  64.5498 313.4424 0043345 279.7077  79.9146 15.05664215403097
0 FARADAY_PHOENIX
1 48924U 21059AX  26204.28935678  .00346930  46966-4  11374-2 0  9994
2 48924  97.6745  46.6465 0005641 185.7960 174.3248 15.90523968283370
0 DEMO8(TENZING)
1 48951U 21059CA  26204.06947544  .00022966  00000-0  32777-3 0  9991
2 48951  97.7018  40.2560 0006303 200.3269 159.7735 15.56272545282889
0 SPARTAN
1 48964U 21059CP  26204.03891816  .00144841  00000-0  56294-3 0  9999
2 48964  97.6725  48.8398 0003214 158.0525 202.0884 15.86752822283604
0 FENGYUN 3D
1 43010U 17072A   26204.23036387  .00000010  00000-0  26583-4 0  9990
2 43010  99.0155 179.3083 0001063 358.3816   1.7356 14.19745374450101
0 FENGYUN 3E
1 49008U 21062A   26204.28072749  .00000227  00000-0  12773-3 0  9999
2 49008  98.7513 207.2879 0001846  25.4164 334.7103 14.19907225261709
0 ISS (NAUKA)
1 49044U 21066A   26204.18538858  .00009623  00000-0  18183-3 0  9990
2 49044  51.6313 121.9488 0006906 328.2241  31.8329 15.49110422576674
0 ELEKTRO-L 3
1 44903U 19095A   26204.12837047 -.00000092  00000-0  00000-0 0  9992
2 44903   0.3472  82.4065 0001619  19.3674 321.2870  1.00271862 24062
0 NOAA 20
1 43013U 17073A   26204.30174216  .00000045  00000-0  42539-4 0  9993
2 43013  98.7773 143.4446 0001653 115.3492 244.7856 14.19517665449592
0 ANGELS
1 44876U 19092D   26117.66670223  .09102593  25597-5  62771-3 0  9997
2 44876  97.3862 337.5251 0009038 257.4278 102.6011 16.40735846354431
0 PROBA 1
1 26958U 01049B   26204.30996958  .00003316  00000-0  21491-3 0  9990
2 26958  97.9611 214.1075 0054779   2.3616 357.7859 15.07641435349067
0 CUPID
1 49264U 21088E   26203.98884207  .00007939  00000-0  30690-3 0  9992
2 49264  97.3848 264.7725 0010199 300.7832  59.2402 15.26453529265649
0 ZHUHAI-1 OHS-02
1 43441U 18040C   26204.27879044  .00008608  00000-0  33314-3 0  9993
2 43441  97.0368 226.3517 0011502 101.6665 258.5866 15.26355203119789
0 PERSEUS M1
1 40039U 14033AF  26204.29607795  .00000896  00000-0  85813-4 0  9998
2 40039  97.9652 149.0258 0011572 170.3172 189.8274 14.95731721656031
0 ORBCOMM FM 36
1 25984U 99065E   26203.78759630  .00000605  00000-0  23874-3 0  9993
2 25984  45.0402 350.5711 0004275 160.6826 199.4186 14.39257743392113
0 DMSP 5D-2 F15 (USA 147)
1 25991U 99067A   26204.29172233  .00000109  00000-0  76326-4 0  9998
2 25991  98.9945 243.2945 0008848 258.2100 164.2412 14.17573821375764
0 GEOSAT
1 15595U 85021A   26204.27314071  .00000105  00000-0  76481-4 0  9996
2 15595 108.0409 156.5383 0001961 293.8567  66.2369 14.39981940167966
0 FORTE
1 24920U 97047A   26204.24009719  .00000120  00000-0  71752-4 0  9999
2 24920  69.9540 292.5865 0024118 233.5948 126.2950 14.27957862503834
0 LEMUR 2 FURIAUS
1 42840U 17042R   26203.96709052  .00020637  00000-0  68330-3 0  9994
2 42840  97.3787  22.3327 0005637 296.2967  63.7695 15.31323478493685
0 ZHUHAI-1 OVS-02
1 43440U 18040B   26204.31444493  .00007616  00000-0  30355-3 0  9993
2 43440  97.0390 219.4099 0005615 116.4726 243.7090 15.25456015458223
0 3CAT-5/A (TYVAK-0161)
1 46292U 20061W   26204.14865024  .00017442  00000-0  34532-3 0  9994
2 46292  97.2377 267.0197 0001790  62.3391 297.8041 15.47136835326581
0 3CAT-5/B (TYVAK-0162)
1 46293U 20061X   26204.16364896  .00019794  00000-0  37209-3 0  9994
2 46293  97.2368 268.0914 0001832  55.0672 305.0751 15.48610794326625
0 SEAHAWK-1
1 43820U 18099BQ  26204.13894863  .00008804  00000-0  37317-3 0  9994
2 43820  97.3941 256.0847 0008691 171.0061 189.1334 15.23334709418003
0 GLOBAL-4
1 44499U 19054E   26203.92452204  .00076341  00000-0  67304-3 0  9994
2 44499  45.0060  29.6651 0006647 243.5323 116.4894 15.67817374385964
0 TIANQI-6
1 46810U 20076D   26204.30315607  .00003243  00000-0  21162-3 0  9990
2 46810  34.9974 186.7704 0009641 132.2118 227.9411 15.07387781314032
0 WNISAT 1R
1 42835U 17042L   26204.00407446  .00001117  00000-0  89925-4 0  9992
2 42835  97.4807 358.8458 0009800  38.7070 321.4855 15.01870959491885
0 FORMOSAT7-3/COSMIC2-3
1 44343U 19036E   26203.93484255  .00004245  00000-0  23348-3 0  9998
2 44343  23.9994 292.4608 0000692  27.6632 332.3909 15.10036640388655
0 FORMOSAT7-1/COSMIC2-1
1 44349U 19036L   26204.18441225  .00002200  00000-0  16247-3 0  9991
2 44349  23.9968 149.6823 0000543 215.2553 144.7912 14.96635294390055
0 FORMOSAT7-2/COSMIC2-2
1 44351U 19036N   26204.29605652  .00002044  00000-0  14909-3 0  9991
2 44351  23.9976 265.3596 0000277 224.6275 135.4203 14.96631896389006
0 FORMOSAT7-6/COSMIC2-6
1 44353U 19036Q   26204.02893030  .00002279  00000-0  16917-3 0  9994
2 44353  23.9979  87.9648 0001239 148.8974 211.1600 14.96636692387199
0 FORMOSAT7-5/COSMIC2-5
1 44358U 19036V   26204.20650142  .00002379  00000-0  17790-3 0  9995
2 44358  23.9996  25.5241 0000018 169.3132 190.7370 14.96617955387757
0 TYVAK-0172
1 46267U 20059C   26096.83989262  .14635205  28105-5  16297-2 0  9995
2 46267  97.7020 342.8884 0007965 229.9948 130.0651 16.37139113307583
0 NAPA-1
1 46320U 20061BA  26203.14445405  .00097040  00000-0  71233-3 0  9993
2 46320  97.2431 278.5928 0002716 168.6287 191.5039 15.72832065327221
0 TYVAK-0173
1 48892U 21059P   26204.18689117  .00001289  00000-0  16652-3 0  9996
2 48892  96.0066 271.5940 0007144 265.2158  94.8245 14.81988022273572
0 MANDRAKE 2 ABLE
1 48907U 21059AE  26204.25880206  .00023732  00000-0  33789-3 0  9990
2 48907  97.7034  36.8325 0004416 200.4392 159.6686 15.56343456282737
0 TYVAK-0130
1 48606U 21041BF  26204.08960441  .00005672  00000-0  21726-3 0  9999
2 48606  52.9936 219.2919 0008417 289.3970  70.6118 15.28009496285878
0 TYVAK-182A
1 48271U 21034D   26204.13530536  .00003343  00000-0  23073-3 0  9993
2 48271  97.5701 262.4313 0005588 191.0440 169.0665 15.06445391285241
0 MANDRAKE 2 BAKER
1 48908U 21059AF  26204.08009242  .00033758  00000-0  39780-3 0  9991
2 48908  97.6996  39.7716 0003418 187.7325 172.3880 15.61313160282894
0 Z-SAT
1 49399U 21102E   26204.24602459  .00005684  00000-0  27754-3 0  9997
2 49399  97.3315 238.4763 0018209 118.8565 241.4500 15.18510040258917
0 TEIKYOSAT-4 (OORURI)
1 49396U 21102B   26204.11406893  .00001403  00000-0  90902-4 0  9995
2 49396  97.3662 232.2007 0012484 161.6749 198.4933 15.09618180258141
0 OBJECT D
1 49398U 21102D   26204.19823835  .00011401  00000-0  37911-3 0  9993
2 49398  97.3183 245.9324 0010544  81.3982 278.8454 15.31280148259535
0 KOSEN-1
1 49402U 21102H   26204.11585278  .00007842  00000-0  29499-3 0  9993
2 49402  97.3173 245.5816 0015337  82.9287 277.3696 15.27298368259509
0 XW-3 (CAS 9)
1 50466U 21131B   26204.29101872  .00000361  00000-0  12515-3 0  9990
2 50466  98.4980 296.4861 0004049   8.8966 351.2294 14.41386711240313
0 PROBA V
1 39159U 13021A   26203.89398043  .00000052  00000-0  40810-4 0  9995
2 39159  98.3611 180.7425 0004940  41.6695 318.4860 14.23604460686192
0 PROBA 2
1 36037U 09059B   26204.07240492  .00000164  00000-0  48647-4 0  9998
2 36037  98.2464  26.9303 0013575 164.5615 195.5999 14.54876107886749
0 SMAP
1 40376U 15003A   26204.18224025  .00000348  00000-0  76461-4 0  9990
2 40376  98.1288 210.7689 0001636  92.3440 267.7950 14.63394043612887
0 HAIYANG 1B
1 31113U 07010A   26204.22351686  .00000084  00000-0  47750-4 0  9993
2 31113  98.3523 184.6758 0014829  94.0145 266.2734 14.31034870  5799
0 HYPSO-1
1 51053U 22002BX  26204.18590414  .00091481  00000-0  58239-3 0  9999
2 51053  97.2794 286.8278 0004391 176.7003 183.4293 15.76156978252572
0 BRO-5
1 51061U 22002CF  26204.24866413  .00014722  00000-0  27235-3 0  9995
2 51061  97.2974 278.2825 0006227 173.9728 186.1599 15.49118212251833
0 ION SCV-004
1 50993U 22002K   26204.12576294  .00005023  00000-0  17142-3 0  9990
2 50993  97.2812 261.1121 0006283 212.9454 147.1396 15.30764327250799
0 ION SCV-004
1 50993U 22002K   26204.12576294  .00005023  00000-0  17142-3 0  9990
2 50993  97.2812 261.1121 0006283 212.9454 147.1396 15.30764327250799
0 AIST 2
1 39133U 13015D   26204.29000012  .00006272  00000-0  24524-3 0  9994
2 39133  64.8683 139.2482 0016593 248.6932 111.2428 15.26629440729414
0 OBJECT V
1 52751U 22057V   26204.24507405  .00009441  00000-0  24915-3 0  9999
2 52751  97.6662 354.1200 0004879 340.6301  19.4758 15.38693182231251
0 ION SCV-006
1 52761U 22057AF  26204.15918766  .00012521  00000-0  25683-3 0  9992
2 52761  97.6136 354.5367 0016026 348.3759  11.7117 15.46057640231677
0 OBJECT D
1 43834U 18102D   26203.97305843  .00112140  00000-0  82817-3 0  9994
2 43834  97.3414 294.8922 0003383 235.9288 124.1655 15.72639980422868
0 OBJECT C
1 44312U 19032C   26204.25041781  .00012461  00000-0  38820-3 0  9999
2 44312  44.9737 158.3456 0005463 161.8232 198.2849 15.33327786393374
0 KAZEOSAT 1
1 39731U 14024A   26204.31039432  .00000102  00000-0  43945-4 0  9995
2 39731  98.3189 275.8555 0001201  90.4955 269.6372 14.42039433643760
0 GLOBAL-2
1 43812U 18099BG  26204.08718091  .00002709  00000-0  17579-3 0  9993
2 43812  97.3548 239.1082 0006947  46.1859 313.9944 15.08860752417322
0 BRITE TORONTO
1 40020U 14033L   26204.31970262  .00000998  00000-0  15678-3 0  9997
2 40020  97.9779 332.5905 0079071 160.3248 200.1041 14.72735524647534
0 BRITE-PL 2
1 40119U 14049B   26204.25641334  .00001818  00000-0  17277-3 0  9990
2 40119  97.9122 316.5421 0013589 355.9834   4.1275 14.94705750646830
0 SHERPA-AC1
1 52763U 22057AH  26203.88559505  .00007627  00000-0  21502-3 0  9992
2 52763  97.6725 354.6210 0006527 334.8147  25.2778 15.36707970231183
0 HILAT
1 14154U 83063A   26204.21588220  .00000289  00000-0  88246-4 0  9998
2 14154  82.0255 127.5345 0039037 179.3472 350.7738 14.38731161252761
0 AII-BRAVO
1 48270U 21034C   26204.09071063  .00004224  00000-0  31218-3 0  9991
2 48270  97.5608 258.1838 0007063 135.1750 225.0048 15.03720897285010
0 LEMUR 2 KADI
1 43184U 18014E   26155.55157302  .12960309  26026-5  47900-3 0  9995
2 43184  97.4333  87.1754 0013292 239.3082 120.6910 16.42905433459090
0 OMNI-L2
1 52771U 22057AR  26204.12385508  .00001040  00000-0  13890-3 0  9993
2 52771  97.4695 264.0651 0006354 192.1281 167.9781 14.81451577225719
0 BRO-6
1 52422U 22047AE  26204.18350578  .00049375  00000-0  78710-3 0  9995
2 52422  97.3382 295.9938 0003171 266.7262  93.3628 15.53087989236734
0 OBJECT L
1 44889U 19093L   26204.27215771  .00003097  00000-0  29051-3 0  9990
2 44889  97.7537 282.1088 0010467 292.9272  67.0843 14.94695226357194
0 OBJECT H
1 44886U 19093H   26204.27810900  .00003021  00000-0  27917-3 0  9998
2 44886  97.8011 292.2575 0010104 310.0596  49.9738 14.95311673357577
0 OBJECT F
1 44315U 19032F   26116.08672172  .07634054  10452-4  95146-3 0  9994
2 44315  44.9557 153.4418 0002336  17.0554 343.0447 16.35144130381404
0 CBERS 2B
1 32062U 07042A   26203.77195021  .00000142  00000-0  56958-4 0  9995
2 32062  98.3931 147.8035 0029963 226.2113 144.7992 14.41491228989819
0 PEGASUS R/B
1 22491U 93009C   26204.26257984  .00000710  00000-0  10645-3 0  9993
2 22491  24.9760 222.9919 0044189 135.7675 224.6380 14.58006979774903
0 NOAA 2 (ITOS-D)
1 06235U 72082A   26204.27392757 -.00000027  00000-0  12535-3 0  9990
2 06235 102.0077 223.2405 0004588 101.6397 268.9235 12.53216172459479
0 DMC 2
1 35683U 09041C   26204.28919332  .00000968  00000-0  14752-3 0  9995
2 35683  97.8880 338.3828 0001733  99.5330 260.6076 14.76102893911891
0 DMC 3-FM1
1 40715U 15032A   26204.30345705  .00000385  00000-0  50161-4 0  9992
2 40715  97.6420  68.0539 0004221 305.5055  54.5767 14.85771950595279
0 DMC 3-FM2
1 40716U 15032B   26204.25800978  .00000998  00000-0  12070-3 0  9991
2 40716  97.6473  69.6086 0004799 312.4685  47.6125 14.85781491595269
0 DMC 3-FM3
1 40717U 15032C   26204.28159814  .00000187  00000-0  27405-4 0  9990
2 40717  97.6525  71.4071 0004078 314.9747  45.1138 14.85768587595278
0 SSTL S1-4
1 43618U 18071A   26204.26929503  .00001429  00000-0  13155-3 0  9993
2 43618  97.4989  74.3731 0002820  84.2885 275.8659 14.96221629428336
0 MOHAMMED VI-B
1 43717U 18095A   26204.28339703  .00000165  00000-0  30564-4 0  9998
2 43717  97.9539 276.1078 0001806  91.6300 268.5117 14.77086710413516
0 MOHAMMED VI-A
1 43005U 17070A   26204.31724360  .00000776  00000-0  11701-3 0  9990
2 43005  97.9541 276.1483 0001373 102.4796 257.6568 14.77110462469318
0 OBJECT S
1 51840U 22019S   26121.31511215  .17660270  25644-5  15609-3 0  9992
2 51840  97.3405 219.2395 0012643 277.8999  82.0872 16.51358146232864
0 CARBONITE 1
1 40718U 15032D   26204.26469862  .00001948  00000-0  24155-3 0  9990
2 40718  97.6536  20.8259 0014633 169.9358 190.2152 14.83687018594691
0 STEP CUBE LAB-II
1 52897U 22065D   26204.30784278  .00000624  00000-0  13011-3 0  9990
2 52897  98.2273 348.1080 0007219 272.5290  87.5085 14.63351036216783
0 RANDEV
1 52898U 22065E   26204.29934919  .00000648  00000-0  13370-3 0  9992
2 52898  98.2261 348.4675 0006527 272.6018  87.4437 14.63739990216536
0 SNUGLITE-II
1 52899U 22065F   26203.63046548  .00000692  00000-0  14014-3 0  9997
2 52899  98.2246 348.4076 0006134 272.4841  87.5659 14.64403354216182
0 AISSAT 1
1 36797U 10035C   26203.95990341  .00001387  00000-0  12441-3 0  9998
2 36797  98.0886 104.4613 0007638 307.1449  52.9074 14.97499734869573
0 STARLINK-2342
1 47883U 21021Z   26204.33335648  .00482572  10912-3  10256-2 0  9995
2 47883  53.1489 324.8597 0012091 325.6652 281.1768 15.98033402  5881
0 MIMAN
1 52900U 22065G   26204.32494495  .00000440  00000-0  97557-4 0  9990
2 52900  98.2307 346.6348 0006284 273.4706  86.5776 14.61877569215720
0 YOUTHSAT
1 37388U 11015B   26203.87366477  .00000151  00000-0  81302-4 0  9993
2 37388  98.3711 176.3238 0013354 234.6831 153.2866 14.25642919792724
0 IRS 1B
1 21688U 91061A   26204.04141307  .00000115  00000-0  11436-3 0  9991
2 21688  99.4126 212.8826 0023239 266.1812 111.7475 13.97882074673508
EXPLORER 50 (IMP-8)
1 06893U 73078A   25196.57914163 -.00001058  00000+0  00000+0 0  9993
2 06893   9.0739 118.5325 1991774 108.5150   0.8671  0.08284795 11624
0 GOES 17
1 43226U 18022A   26204.28682437 -.00000179  00000-0  00000-0 0  9992
2 43226   1.0271  85.1452 0000703  57.3628 172.2704  1.00271906 30783
0 ATS 5
1 04068U 69069A   26204.12135044  .00000110  00000-0  00000-0 0  9994
2 04068   0.3056 135.6916 0005347 138.8236 110.4790  0.99490432 46681
0 OBJECT C
1 53107U 22080C   23025.30817819 -.00000003  00000-0  00000-0 0  9991
2 53107  70.1748   9.4735 0013378 210.3558 149.6328  6.42110577 12479
0 AVUM R/B
1 53109U 22080E   26203.66940058 -.00000003  00000-0  00000-0 0  9995
2 53109  70.1381 285.9076 0009327 282.2706  77.6909  6.42583354 94343
0 CELESTA
1 53111U 22080G   23145.85382453 -.00000003  00000-0  00000+0 0  9999
2 53111  70.6593 327.3289 0101863  79.9078 281.3061  6.46589524 20200
0 MT-CUBE-2
1 53106U 22080B   25119.54530882 -.00000003  00000-0  00000+0 0  9993
2 53106  70.1441  82.5809 0008360  32.9040 327.2139  6.42557753 65597
TRISAT-R
1 53108U 22080D   25164.43750000  .00000000  00000-0  00000-0 0    09
2 53108  70.1723  68.0769 0013203  29.9127  11.4181  6.42152585    08
0 ALPHA
1 53110U 22080F   22249.50115603 -.00000003  00000-0  00000+0 0  9995
2 53110  70.1887  58.2730 0239395 148.5037 284.5041  6.42698116  3412
0 LARES-2
1 53105U 22080A   26199.78568346 -.00000020  00000-0  00000-0 0  9993
2 53105  70.1539 294.4914 0005479 328.1411  31.8962  6.38965084 93683
0 VIGORIDE 3
1 52760U 22057AE  26204.24728069  .00005090  00000-0  19137-3 0  9996
2 52760  97.6646 345.1956 0008166   8.0677 352.0691 15.27607650230664
0 COSMOS 2499
1 39765U 14028E   26204.30867950  .00000019  00000-0  37151-4 0  9998
2 39765  82.4465 228.0532 0230277 276.8723  80.6233 12.82903402569653
0 SAUDISAT 4
1 40016U 14033G   26204.16481900  .00000460  00000-0  67432-4 0  9991
2 40016  97.7628 349.0652 0043690 317.6757  42.1087 14.79581727651396
0 SAUDISAT 2
1 28371U 04025F   26204.22802914  .00000212  00000-0  58424-4 0  9996
2 28371  98.5526 205.1444 0024593 183.1701 176.9344 14.56701476170993
0 HIBER-2
1 43774U 18099S   26028.96940761  .08639631  25068-5  13938-2 0  9990
2 43774  97.4270 113.4809 0009314 286.8843  73.1432 16.33569322393452
0 YAM-3
1 48915U 21059AN  26204.24458010  .00011775  00000-0  21721-3 0  9999
2 48915  97.7000  33.5787 0004464 204.8218 155.2818 15.49283346282577
0 TIROS N
1 11060U 78096A   26204.01924238  .00000089  00000-0  62052-4 0  9997
2 11060  98.4530 223.4485 0011328 134.0562 226.1550 14.19384117683831
0 TIROS 10
1 01430U 65051A   26204.27278489  .00000097  00000-0  42852-4 0  9997
2 01430  98.5072 323.4518 0054622 331.8161  28.0074 14.41641467201113
0 OBJECT G
1 44316U 19032G   26204.23286155  .00008403  00000-0  31367-3 0  9997
2 44316  44.9714 224.0854 0008215  88.0427 272.1397 15.27828190392591
0 SECOR 7 (EGRS 7)
1 02411U 66077B   26202.19605198 -.00000012  00000-0 -66394-2 0  9990
2 02411  90.3346 277.8424 0010879  22.3907 337.7418  8.59615348880308
0 SECOR 13 (EGRS 13)
1 03891U 69037B   26204.16370953 -.00000033  00000-0  15612-4 0  9990
2 03891  99.6435  74.0808 0039690 161.8891 315.3520 13.42978177806582
0 OMNI-L1
1 52157U 22033A   26204.14610368  .00001597  00000-0  20360-3 0  9999
2 52157  97.8384 282.6255 0005943 154.0993 206.0519 14.82864762232786
0 KHAYYAM
1 53370U 22096A   26204.29399204  .00004584  00000-0  18055-3 0  9992
2 53370  97.3401 107.8755 0001295  91.0380 269.1007 15.26100909220096
0 FENGYUN 1D
1 27431U 02024B   26204.11988623 -.00000011  00000-0  19123-4 0  9990
2 27431  98.9498 254.2825 0016125 139.1958 221.0423 14.10228674244543
0 STARLINK-3100
1 49144U 21082Q   26202.75545770  .00000224  00000-0  26543-4 0  9999
2 49144  70.0008 316.4192 0003234 270.3549  89.7240 14.98332612266066
0 STARLINK-4410
1 53204U 22084R   26204.25002315 -.00020482  00000-0 -56609-3 0  9999
2 53204  97.5965 266.6338 0001248  85.6510 287.1623 15.36982051  5667
0 STARLINK-4400
1 53468U 22099D   26204.26528962  .00001534  00000-0  11015-3 0  9996
2 53468  97.2849 321.3477 0002036 128.0307 232.1105 15.05667149216373
0 STARLINK-4621
1 53676U 22105AE  26204.20160043  .00000477  00000-0  36989-4 0  9994
2 53676  97.2851  81.3045 0001984  93.3088 266.8367 15.05654016213620
0 STARLINK-4362
1 53043U 22077A   26204.28605121 -.00000368  00000-0 -21577-4 0  9997
2 53043  97.2869  21.2866 0001559 100.5406 259.5997 15.05653726221314
0 BLUEWALKER 3
1 53807U 22111AL  26203.77921773  .00004863  00000-0  13556-3 0  9990
2 53807  53.2275 226.8231 0004790 299.0530  60.9995 15.38668225215687
0 OTB-3-GAZELLE
1 54023U 22127A   26203.70864727  .00000119  00000-0  48808-4 0  9995
2 54023  98.3967 194.8758 0014463  82.2362 278.0469 14.42685986199481
0 KSM1-A
1 46912U 20081H   26204.27491113  .00008436  00000-0  31939-3 0  9994
2 46912  36.8938 198.7283 0004326 253.8422 106.1852 15.26455878314697
0 KSM1-B
1 46914U 20081K   26204.31184404  .00007779  00000-0  30834-3 0  9995
2 46914  36.8999 206.2402 0006168 227.6189 132.4038 15.24958925317701
0 KSM1-C
1 46906U 20081B   26204.31822870  .00009117  00000-0  33652-3 0  9991
2 46906  36.8934 195.7884 0002626 201.2749 158.7892 15.27266997314690
0 OBJECT D
1 51827U 22019D   26203.47199316  .00110262  00000-0  68065-3 0  9990
2 51827  97.3639 298.0375 0001361 292.5497  67.5624 15.76816203245252
0 SHERPA-LTC2
1 53754U 22107BG  26203.88561024  .00003297  00000-0  17664-3 0  9991
2 53754  53.2365  69.1826 0393249 326.2838  31.3674 14.69960392207792
0 OSCAR 16 (PACSAT)
1 20439U 90005D   26204.10154453  .00000085  00000-0  46935-4 0  9993
2 20439  98.8509 240.6205 0011556 123.4121 259.2570 14.33946594907082
0 OBJECT D
1 44882U 19093D   26204.27802775  .00007419  00000-0  51783-3 0  9998
2 44882  97.7936 299.4243 0012503 258.3518 101.6305 15.05602548358047
0 WREN
1 39435U 13066V   14099.35188471  .00002386  00000-0  27506-3 0  9992
2 39435  97.7868 174.0379 0056077 109.7041 251.0236 14.85489138 20584
0 COSMOS 2463
1 36519U 10017A   26204.15328205  .00000038  00000-0  25677-4 0  9995
2 36519  82.9578 223.2794 0036880  32.3484  35.1667 13.71667442812867
0 COSMOS 2414
1 28521U 05002A   26204.22180411  .00000076  00000-0  50281-4 0  9991
2 28521  82.9495  16.3816 0039125 225.2256 134.5723 13.87929035 88813
0 COSMOS 2407
1 28380U 04028A   26204.13615417  .00000045  00000-0  30392-4 0  9997
2 28380  82.9583  48.2030 0039863 150.0834 330.9561 13.76336989104822
0 KSM1-D
1 46907U 20081C   26204.30329789  .00007416  00000-0  29234-3 0  9993
2 46907  36.8945 205.6000 0004255 212.7824 147.2662 15.25173968314618
0 OBJECT H
1 53451U 22098H   26117.57590324  .09658889  26632-5  28822-3 0  9993
2 53451  97.5482 255.1474 0012673 271.4877  88.4972 16.44056768207372
0 IRIDIUM 116
1 43072U 17083C   26204.21554683  .00000197  00000-0  63233-4 0  9991
2 43072  86.3984 306.9419 0002541  96.4029 263.7456 14.34218288449337
0 IRIDIUM 113
1 42803U 17039A   26204.24091654  .00000014  00000-0 -21202-5 0  9990
2 42803  86.3992 307.1115 0002141  93.5260 266.6181 14.34217588476355
0 IRIDIUM 130
1 43073U 17083D   26204.25360132  .00000150  00000-0  46647-4 0  9999
2 43073  86.3993 307.2049 0002341  99.9467 260.1993 14.34218537449281
0 OBJECT T
1 51841U 22019T   26155.99859174  .08863804  25266-5  38933-3 0  9996
2 51841  97.3498 253.9130 0015819 261.5810  98.3697 16.41716669238205
0 OBJECT R
1 51839U 22019R   26157.35070802  .08475770  25153-5  75233-3 0  9998
2 51839  97.3544 255.4419 0013577 264.5878  95.3872 16.38904555238411
0 OBJECT M
1 51835U 22019M   26120.80150797  .14453301  25711-5  16849-3 0  9997
2 51835  97.3515 218.7383 0014909 270.1758  89.7838 16.49258376232763
0 OBJECT L
1 51834U 22019L   26094.86293574  .04742356  24575-5  11271-2 0  9993
2 51834  97.3534 192.0232 0009733 271.1205  88.8974 16.29530138228759
0 OBJECT H
1 51831U 22019H   26111.62901392  .08912270  25172-5  56557-3 0  9997
2 51831  97.3448 208.8638 0012686 268.1436  91.8411 16.40538195231320
0 OBJECT E
1 49007U 21061E   26120.95513259  .12078408  24990-5  26262-3 0  9990
2 49007  97.2686 201.7525 0014506 262.1565  97.8091 16.45518277268843
0 OBJECT D
1 49006U 21061D   26112.70189028  .15915864  25453-5  16153-3 0  9998
2 49006  97.2690 193.3521 0010540 259.1136 100.8983 16.50608492267561
0 JILIN-01 GAOFEN 3J
1 46462U 20065J   26131.24550622  .14462653  24832-5  20374-3 0  9998
2 46462  97.2084 192.2839 0012891 259.1496 100.8358 16.48268073314621
0 JILIN-01 GAOFEN 3H
1 46460U 20065G   26204.18034386  .00110858  00000-0  78748-3 0  9990
2 46460  97.2164 258.4398 0007378 178.6257 181.5029 15.73533725325536
0 JILIN-01 GAOFEN 3G
1 46459U 20065F   26204.30276487  .00139870  00000-0  79338-3 0  9993
2 46459  97.2209 262.4981 0006714 238.3575 121.7038 15.78617341325625
0 JILIN-01 GAOFEN 3F
1 46458U 20065E   26204.29484447  .00066976  00000-0  68568-3 0  9996
2 46458  97.2162 254.9951 0009967  28.8649 331.3161 15.64727798325340
0 JILIN-01 GAOFEN 3E
1 46457U 20065D   26204.26295227  .00080977  00000-0  72099-3 0  9999
2 46457  97.2207 257.8173 0008612  43.8834 316.3111 15.68183014325402
0 JILIN-01 GAOFEN 3B
1 46454U 20065A   26117.01126189  .16184280  25073-5  18480-3 0  9997
2 46454  97.1995 178.0186 0011164 251.7622 108.2468 16.49777179312423
0 ARKTIKA-M 1
1 47719U 21016A   26198.89672402 -.00000295  00000-0  00000-0 0  9999
2 47719  63.2571  53.1467 7298516 270.0868  14.5016  2.00610215 39409
0 EOS-6
1 54361U 22158A   26204.25862781  .00000236  00000-0  76952-4 0  9994
2 54361  98.3550 301.9755 0000865 152.1280 207.9959 14.46987769193059
0 CORIOLIS
1 27640U 03001A   26204.27517605  .00000097  00000-0  66273-4 0  9994
2 27640  98.7140 210.6106 0015162 107.5660 252.7174 14.19953572219349
0 CLOUDSAT
1 29107U 06016A   26204.23080710  .00000808  00000-0  98338-4 0  9998
2 29107  98.3911 243.5171 0004649 201.5748 158.5271 14.86456079 79864
0 ELEKTRO-L
1 37344U 11001A   26204.19124852  .00000043  00000-0  00000-0 0  9997
2 37344   9.7653  54.1327 0004401  35.9000 153.5975  1.00163429 56845
0 ELEKTRO-L 2
1 41105U 15074A   26203.96782013 -.00000119  00000-0  00000-0 0  9999
2 41105   6.7817  70.0808 0000650 230.5554 334.0031  1.00272653 38865
0 CENTISPACE-1 S6
1 54021U 22126B   26204.23711985  .00000452  00000-0  12584-3 0  9999
2 54021  54.9994  70.7283 0015711 141.5279 218.6838 14.62325736202273
0 CENTISPACE-1 S3
1 53757U 22108A   26204.25390503  .00000202  00000-0  78796-4 0  9996
2 53757  53.5323 266.1175 0010834  83.0091 277.2116 14.61288678206808
0 APRIZESAT 9
1 40018U 14033J   26204.31607007  .00000539  00000-0  86233-4 0  9995
2 40018  97.9103 336.6404 0067473  84.3676 276.5222 14.74260317648886
0 APRIZESAT 7
1 39416U 13066A   26204.31209186  .00000967  00000-0  10065-3 0  9990
2 39416  97.7725 157.0178 0037388  91.4811 269.0691 14.91633577686610
0 APRIZESAT 8
1 39425U 13066K   26204.26019034  .00000715  00000-0  83087-4 0  9991
2 39425  97.8232 151.2291 0046175 165.3498 194.9069 14.87705940685031
0 APRIZESAT 6
1 37793U 11044F   26203.31968863  .00000581  00000-0  89357-4 0  9996
2 37793  98.2329 114.5327 0042494 335.3434 147.2526 14.76964313802332
0 MATS
1 54227U 22147A   26204.00753808  .00002694  00000-0  19114-3 0  9991
2 54227  97.6843 205.4548 0014257  80.0132 280.2703 15.05539310203155
0 LYNK TOWER 3
1 55046U 23001AP  26204.16133008  .00011287  00000-0  31343-3 0  9998
2 55046  97.3178 264.2386 0006972   3.4564 356.6727 15.37032813197437
0 LYNK TOWER 4
1 55034U 23001AB  26204.12976732  .00007860  00000-0  24221-3 0  9999
2 55034  97.3180 262.7158 0007592   5.1597 354.9723 15.33856101197337
0 KUWAITSAT-1
1 55103U 23001CY  26204.15378657  .00024484  00000-0  42063-3 0  9996
2 55103  97.3230 275.5551 0006415 300.5959  59.4660 15.51116550198162
0 CONNECTA T1.2
1 55012U 23001D   26204.27439083  .00045732  00000-0  72108-3 0  9991
2 55012  97.3235 275.6691 0003383 323.3556  36.7466 15.53408638198142
0 BRO-8
1 55011U 23001C   26204.19752491  .00039917  00000-0  68267-3 0  9991
2 55011  97.3180 269.9503 0004054   7.9191 352.2125 15.51161134197786
0 HUYGENS
1 55093U 23001CN  26204.26515065  .00009474  00000-0  23435-3 0  9996
2 55093  97.3231 271.5205 0007614 320.1768  39.8919 15.40639921197923
0 OBJECT A
1 55009U 23001A   26204.29020706  .00014822  00000-0  33214-3 0  9998
2 55009  97.3150 268.9189 0004615   2.9338 357.1936 15.43519744197790
0 BIRKELAND
1 55015U 23001G   26204.26506985  .00009347  00000-0  23137-3 0  9999
2 55015  97.3328 272.3377 0005478 351.5848   8.5305 15.40636916197907
GUARDIAN ALPHA
1 70326C 23001AB  23003.66764859  .00091283  00000+0  51198-2 0    04
2 70326  97.5087  65.7870 0015886 214.5672 168.9126 15.13313322    12
SPHERE-1
1 70329C 23001AE  23003.66784188  .00089600  00000+0  50543-2 0    07
2 70329  97.5093  65.7875 0015070 215.7489 168.7815 15.13120024    19
0 SKYKRAFT-1A
1 55054U 23001AX  26204.12281616  .00005141  00000-0  18170-3 0  9997
2 55054  97.3197 260.9420 0009518  15.7028 344.4506 15.29585807197212
ORBITER SN1
1 70377C 23001CE  23003.68208725  .00066625  00000+0  37949-2 0    07
2 70377  97.5052  65.8019 0012930 216.4030 245.6566 15.12806539    19
0 EOSSAT-1
1 55053U 23001AW  26204.16087876  .00004761  00000-0  14744-3 0  9992
2 55053  97.3217 264.4559 0008677 359.5955   0.5280 15.33905657197436
0 ION SCV-008
1 55051U 23001AU  26204.23753278  .00006809  00000-0  24434-3 0  9996
2 55051  97.5712 301.1698 0013419 241.6432 118.3455 15.28950166196845
0 ION SCV-007
1 55060U 23001BD  26204.15722043  .00000342  00000-0  55031-4 0  9997
2 55060  97.8985 266.4551 0011532 214.1371 145.9099 14.77581247191569
0 VIGORIDE 5
1 55056U 23001AZ  26204.17175069  .00057874  00000-0  60017-3 0  9995
2 55056  97.3201 276.9543 0004628  65.9950 294.1793 15.64485216198280
0 YAM-5
1 55076U 23001BV  26204.11643968  .00010766  00000-0  27857-3 0  9993
2 55076  97.3178 267.1202 0007571 350.6466   9.4638 15.39224820197632
MENUT (GENEO)
1 70309C 23001J   23003.66403400  .00096558  00000+0  56818-2 0    01
2 70309  97.5066  65.7823 0009655 230.0594 133.7523 15.11657802    14
0 SAUDISAT 5A
1 43831U 18102A   26204.24297537  .00005738  00000-0  21005-3 0  9998
2 43831  97.3047 265.1323 0009615  17.3630 342.7937 15.28380771421187
0 SAUDISAT 5B
1 43833U 18102C   26204.32143219  .00005374  00000-0  19542-3 0  9995
2 43833  97.3157 268.3445 0010416  18.4349 341.7266 15.28621150421319
EPIC CHIMERA LEO 1
1 88310U          23005.58241233 +.00008746 +00000+0 +51053-3 0  0002
2 88310  97.5034  67.6665 0010472 213.2239 146.8336 15.12121087 00045
NEWSAT 32
1 70365C 23001BS  23003.67778169  .00074297  00000+0  42091-2 0    05
2 70365  97.5065  65.7992 0013615 219.8639 218.7610 15.12989524    19
0 CONTINUUM-1
1 55045U 23001AN  26204.19764580  .00012262  00000-0  41257-3 0  9994
2 55045  97.3319 266.8598 0007280 294.7300  65.3184 15.30908102197765
NEWSAT 33
1 70369C 23001BW  23003.67920993  .00072235  00000+0  41485-2 0    09
2 70369  97.5055  65.7926 0013201 209.1298 237.2829 15.12505598    16
NEWSAT 35
1 70374C 23001CB  23003.68111271  .00069596  00000+0  39934-2 0    09
2 70374  97.5055  65.8006 0012572 211.6533 245.1041 15.12545124    15
0 CZ-4C R/B
1 52085U 22027B   26204.26676855 -.00000102  00000-0 -71208-5 0  9990
2 52085  63.3951 322.8695 0235644  22.5264 338.5914 13.65481634216967
0 OBJECT F
1 44884U 19093F   26204.25803145  .00005800  00000-0  45910-3 0  9997
2 44884  97.7891 294.2131 0014627 280.2106  79.7468 15.00918040357837
0 OBJECT F
1 54687U 22167F   26199.75650564  .07709499  26771-5  46652-3 0  9992
2 54687  97.5939  32.2115 0011495 265.3431  94.6556 16.40917510201891
0 ETV-A1
1 51060U 22002CE  26204.24675330  .00011784  00000-0  28421-3 0  9993
2 51060  97.2858 270.4611 0004748 192.7433 167.3695 15.41361289251393
ISS (ZARYA)
1 25544U 98067A   23006.23627037  .00014367  00000+0  25952-3 0  9997
2 25544  51.6447  50.7420 0004899 231.6381 243.6067 15.49962952376670
ORBITER SN1
1 70377C 23001CE  23003.68208725  .00066625  00000-0  37949-2 0    08
2 70377  97.5052  65.8019 0012930 216.4030 245.6566 15.12806539    19
ORBITER SN1
1 70377C 23001CE  23003.68208725  .00066625  00000-0  37949-2 0    08
2 70377  97.5052  65.8019 0012930 216.4030 245.6566 15.12806539    19
0 GAOFEN 6
1 43484U 18048A   26204.32932770  .00000374  00000-0  61280-4 0  9996
2 43484  98.0950 267.0500 0011903  58.9417 301.2959 14.76389363438727
0 GAOFEN 7
1 44703U 19072A   26204.30970230  .00004036  00000-0  18482-3 0  9994
2 44703  97.5700 265.0849 0016879 281.6554  78.2786 15.20961570373135
0 CBERS 4A
1 44883U 19093E   26204.29298043  .00001156  00000-0  15447-3 0  9997
2 44883  98.0174 271.7614 0001946 124.3175 235.8222 14.81455466356427
0 NINGXIA-1 1
1 44779U 19076A   26204.09547005 -.00000077  00000-0  34571-4 0  9997
2 44779  45.0070  19.3836 0011183 324.6517  35.3575 14.02042934342894
0 ZY 3 2
1 41556U 16033A   26204.29962414  .00005783  00000-0  26203-3 0  9994
2 41556  97.3820 279.3786 0013580 159.9488 200.2285 15.21161468563474
0 HJ-2E
1 54035U 22132A   26204.29990346  .00008361  00000-0  35922-3 0  9995
2 54035  97.3812 208.0391 0018328 238.9304 121.0135 15.22774804209917
0 LT-1 01A
1 51284U 22007A   26204.28199520  .00000558  00000-0  66058-4 0  9998
2 51284  97.8111 211.1903 0001624  90.7726 269.3677 14.88416070243840
0 ICEYE-X6
1 46497U 20068M   26204.23612287  .00002399  00000-0  17527-3 0  9999
2 46497  98.0995 199.6387 0006397 345.5344  14.5696 15.04696037318653
0 ASNARO-2
1 43152U 18007A   26204.27045013  .00008992  00000-0  39175-3 0  9993
2 43152  97.3982 210.6341 0001700  93.3956 266.7475 15.22425230472900
0 EGYPTSAT A
1 44047U 19008A   26204.29832409  .00000690  00000-0  11695-3 0  9998
2 44047  98.0174 268.5731 0001814  91.3919 268.7496 14.72343199398553
0 SUPERVIEW-1 03
1 43099U 18002A   26204.29614297  .00018496  00000-0  44179-3 0  9996
2 43099  97.3121 289.1056 0046201  52.5947 307.9491 15.40423286473929
0 HODOYOSHI 4
1 40011U 14033B   26204.27558817  .00001812  00000-0  20114-3 0  9997
2 40011  97.5471  27.3596 0023384 181.9045 178.2088 14.88205160654173
0 HYSIS
1 43719U 18096A   26204.27975541  .00000983  00000-0  14128-3 0  9991
2 43719  97.9820 270.7412 0001646  73.8474 286.2918 14.78622328412752
0 CFOSAT
1 43662U 18083A   26204.25434940  .00002723  00000-0  14380-3 0  9999
2 43662  97.3620 207.7253 0001316  38.5701 321.5626 15.16329739427904
0 COSMOS 2561
1 54109U 22137A   26201.88046605  .00009330  00000-0  15383-3 0  9990
2 54109  96.9163 259.6361 0008242 255.0048 105.0294 15.52463802211570
0 SHARJAHSAT-1
1 55104U 23001CZ  26204.14237734  .00023382  00000-0  41301-3 0  9996
2 55104  97.3141 273.4359 0003990 350.5498   9.5678 15.50351813198061
0 XINGYUN-2 01
1 45602U 20028A   26204.21277520  .00002308  00000-0  13821-3 0  9990
2 45602  97.4889 195.9053 0011082  81.8830 278.3657 15.11939724340283
0 ARCSAT-1
1 52161U 22033E   26204.18441911  .00014191  00000-0  21729-3 0  9998
2 52161  97.2746 297.0132 0006120  75.4683 284.7249 15.54444088241295
0 GLOBAL-13
1 49773U 21115BB  26203.72337517  .00019452  00000-0  38255-3 0  9995
2 49773  53.1961 245.4866 0000229  53.5734 306.5296 15.47309232261266
0 GLOBAL-12
1 49772U 21115BA  26203.81590584  .00029990  00000-0  43444-3 0  9993
2 49772  53.1933 232.9447 0003060  81.3424 278.7935 15.55642964261442
0 SKIF-D
1 54153U 22139D   26204.03176281 -.00000011  00000-0  00000-0 0  9990
2 54153  89.9487  96.6578 0007491 184.1351 175.9306  5.00433848 65906
0 OBJECT J
1 51832U 22019J   26204.27010676  .00000737  00000-0  36696-4 0  9997
2 51832  97.3411 266.1471 0010465 102.0616 258.1793 15.20577353243287
0 HAIYANG 1D
1 45721U 20036A   26204.32141524  .00000310  00000-0  12604-3 0  9996
2 45721  98.4554 145.2168 0003879  54.6197 305.5350 14.34184372320151
0 TANSAT
1 41898U 16081A   26204.29796406  .00000269  00000-0  66429-4 0  9991
2 41898  98.5385 205.6256 0019952 193.9565 166.1085 14.59975183509890
0 SHIJIAN 6 03A (SJ-6 03A)
1 33408U 08053A   26204.25361880  .00004486  00000-0  22745-3 0  9996
2 33408  97.8400 238.8330 0009714 243.1945 116.8294 15.17469774968436
0 SJ-9A
1 38860U 12056A   26204.26862869  .00000948  00000-0  11513-3 0  9995
2 38860  97.6736 174.9219 0026604 136.0060 224.3279 14.85541157704946
0 KL-ALPHA A
1 44785U 19077A   26204.27629132 -.00000107  00000-0 -17118-3 0  9999
2 44785  88.9240 218.6171 0011602  15.4198 344.7307 13.56045468330629
0 GAOFEN 3
1 41727U 16049A   26204.29925287  .00000088  00000-0  39965-4 0  9991
2 41727  98.4028 211.5413 0001783  82.8238 277.3154 14.42219342523855
0 LEMUR 2 GREENBERG
1 42837U 17042N   26203.94901048  .00019439  00000-0  62365-3 0  9997
2 42837  97.3839  24.4400 0007639 227.5103 132.5494 15.32339048493860
0 HAIYANG 2D
1 48621U 21043A   26204.29531413 -.00000074  00000-0  62688-5 0  9990
2 48621  65.9967 214.8025 0011625 264.9154  95.0587 13.83373818261540
0 GLOBAL-18
1 52196U 22034B   26204.04806133  .00025947  00000-0  50358-3 0  9994
2 52196  52.9813  85.0921 0004683  43.9828 316.1550 15.47497679242517
0 HAIYANG 1C
1 43609U 18068A   26204.31407616  .00000120  00000-0  58360-4 0  9996
2 43609  98.5173 276.0971 0010588 354.7302   5.3770 14.34188428412265
0 OBJECT A
1 53346U 22090A   26204.33390427  .00003994  00000-0  18166-3 0  9999
2 53346  97.3120 271.4139 0005255  65.7844 294.3941 15.21273264220305
0 CENTISPACE-1 S5
1 54020U 22126A   26204.15750895  .00000673  00000-0  16668-3 0  9994
2 54020  54.9991  69.0119 0013943 139.8947 220.3079 14.63067678202305
0 HAIYANG 2C
1 46469U 20066A   26204.31314998 -.00000133  00000-0 -47315-4 0  9998
2 46469  65.9969 125.3400 0007236 237.0326 123.0047 13.83373399294495
0 SDGSAT 1
1 49387U 21100A   26204.32529781  .00003141  00000-0  15187-3 0  9990
2 49387  97.2620 249.8920 0010744 137.5882 222.6185 15.19268341261402
0 ODIN
1 26702U 01007A   26204.10016903  .00656630  18429-3  16549-2 0  9999
2 26702  97.3683 247.7807 0005055 166.7093 193.4318 15.95596686395081
0 R2
1 46913U 20081J   26204.24378237  .00007765  00000-0  29903-3 0  9995
2 46913  36.8966 199.0894 0009218 232.2934 127.6979 15.25902537317492
0 GLOBAL-14
1 49469U 21106A   26204.00836607  .00029047  00000-0  46819-3 0  9999
2 49469  42.0043  77.9358 0018582 274.4985  85.3736 15.52129301263696
0 GLOBAL-9
1 47971U 21023G   26204.27879029  .00023167  00000-0  44067-3 0  9997
2 47971  44.9818  47.4664 0004544 218.9150 141.1414 15.47876804300535
0 GLOBAL-16
1 49950U 21120B   26204.29066216  .00023160  00000-0  38118-3 0  9995
2 49950  41.9930 198.2950 0012120 143.7500 216.4168 15.51761607260459
0 OBJECT P
1 54695U 22167P   26204.29992580  .00012131  00000-0  34909-3 0  9991
2 54695  97.6908  15.3791 0005723   2.1989 357.9278 15.35922107200932
0 OBJECT D
1 54254U 22155D   26186.25042549  .04646595  26402-5  79772-3 0  9992
2 54254  97.6143 342.1130 0012127 265.6441  94.3468 16.32834755203202
0 OBJECT J
1 53452U 22098J   26203.80129303  .00182923  00000-0  84526-3 0  9992
2 53452  97.5558 338.3171 0004296 203.9609 156.1460 15.83013375220414
0 OBJECT W
1 51844U 22019W   26122.21654317  .05241160  24727-5  95158-3 0  9995
2 51844  97.3487 219.1886 0012944 269.3704  90.6108 16.32236081232865
0 OBJECT K
1 53453U 22098K   26204.16919729  .00162693  00000-0  87463-3 0  9997
2 53453  97.5622 339.1262 0002720 198.7807 161.3360 15.79772925220424
0 JILIN-01 GAOFEN 3D 5
1 52390U 22046C   26113.45661189  .13701840  27051-5  25569-3 0  9990
2 52390  97.4814 232.7390 0010494 226.4735 133.5697 16.46858889222066
0 JILIN-01 GAOFEN 3D 28
1 52445U 22048C   26204.27980642  .00308879  37929-4  95479-3 0  9994
2 52445  97.5652 322.1382 0005770 236.3140 123.7584 15.91679421235246
0 JILIN-01 GAOFEN 3D 27
1 52444U 22048B   26203.74607006  .00244250  00000-0  10011-2 0  9990
2 52444  97.5723 321.1806 0005714 231.3604 128.7155 15.85394090235093
0 OBJECT H
1 54689U 22167H   26204.32063061  .00011132  00000-0  32887-3 0  9994
2 54689  97.6973  16.0097 0004266   1.0047 359.1203 15.35125513200903
0 OBJECT D
1 54685U 22167D   26204.28852576  .00012850  00000-0  35642-3 0  9992
2 54685  97.6927  16.9340 0002213  32.9449 327.1932 15.37071117200992
0 OBJECT E
1 54686U 22167E   26204.26793957  .00010951  00000-0  33176-3 0  9998
2 54686  97.6893  13.9176 0008848  49.0840 311.1167 15.34304362200859
0 EMISAT
1 44078U 19018A   26204.32362975  .00000119  00000-0  47873-4 0  9997
2 44078  98.4628 262.9208 0019695 108.3580 251.9754 14.43651632385279
0 IRS P6
1 28051U 03046A   26204.26161425 -.00000121  00000-0 -26648-4 0  9996
2 28051  98.1895 239.0070 0063006 233.2375 260.2253 14.36171889185708
0 RESOURCESAT 2
1 37387U 11015A   26204.26580936  .00000054  00000-0  44900-4 0  9999
2 37387  98.7625 271.4547 0011996 148.8871 211.3019 14.21600905791305
0 ORBCOMM FM 114
1 41179U 15081A   26204.13916460  .00000355  00000-0  11126-3 0  9998
2 41179  47.0031 192.0230 0002611 339.6474  20.4307 14.58893183563002
0 ORBCOMM FM 110
1 41182U 15081D   26204.26381826  .00000695  00000-0  18307-3 0  9993
2 41182  47.0004 190.8550 0003837 253.7732 106.2732 14.58928471562891
0 ORBCOMM FM 117
1 41188U 15081K   26203.86528108  .00000476  00000-0  13688-3 0  9994
2 41188  47.0023  12.1305 0002530   1.4787 358.6105 14.58905160565338
0 ORBCOMM FM 116
1 41189U 15081L   26204.11930582  .00000484  00000-0  13841-3 0  9997
2 41189  47.0023 100.7190 0001747 250.5157 109.5541 14.58914705564186
0 ORBCOMM FM 113
1 41185U 15081G   26204.07460570  .00000311  00000-0  10187-3 0  9992
2 41185  47.0007 100.9337 0001765 353.8183   6.2680 14.58888123564175
0 ORBCOMM FM 112
1 41184U 15081F   26204.09669605  .00000563  00000-0  15514-3 0  9991
2 41184  46.9990 100.4336 0003202   3.5634 356.5274 14.58947550564197
0 ORBCOMM FM 108
1 41187U 15081J   26204.17341584  .00000497  00000-0  14118-3 0  9991
2 41187  47.0061  12.0482 0002124 353.9189   6.1671 14.58918555565339
0 NPP
1 37849U 11061A   26204.28835394  .00000048  00000-0  43854-4 0  9996
2 37849  98.7956 144.9192 0001172 180.4037 179.7139 14.19523868763562
0 DMSP 5D-3 F18 (USA 210)
1 35951U 09057A   26204.27671831  .00000219  00000-0  13657-3 0  9990
2 35951  98.9064 184.9722 0011673 143.4041 216.7932 14.14915516864699
0 YAOGAN 10
1 36834U 10038A   26204.32852660  .00001712  00000-0  20480-3 0  9990
2 36834  97.8978 227.4453 0001648  85.1488   5.2468 14.85448967862573
0 OMNI-M1
1 26857U 01026A   26203.13534883  .00000012  00000-0  00000-0 0  9998
2 26857  44.8224 237.2081 0013443  58.6946 301.4898  3.92402296206941
0 OCEANSAT 2
1 35931U 09051A   26204.22856260  .00000170  00000-0  14195-3 0  9992
2 35931  98.2329 187.4817 0017799 130.5772 229.6947 13.99657062884377
0 RESOURCESAT 2A
1 41877U 16074A   26204.24736131  .00000208  00000-0  11517-3 0  9994
2 41877  98.7512 277.4543 0001859   9.2418 350.8793 14.21610774499426
0 BRO-9
1 56185U 23054H   26175.37906799  .07090794  24942-5  71735-3 0  9998
2 56185  97.2847  94.7664 0010950 218.4094 141.6426 16.37895961180258
0 ION SCV-010
1 56192U 23054Q   26204.15145611  .00004596  00000-0  17851-3 0  9994
2 56192  97.3731  93.1915 0014583  79.4857 280.8024 15.26475862181688
0 HJ-2B
1 46479U 20067B   26204.25407317  .00000761  00000-0  11632-3 0  9998
2 46479  97.8878 282.8221 0002161 100.5550 259.5904 14.76517938313585
0 PAKTES 1A
1 43529U 18056A   26204.24703973  .00003221  00000-0  26865-3 0  9990
2 43529  98.1310   2.2750 0019191 356.1001   4.0068 14.99232175437320
0 GHOST-1
1 56195U 23054T   26124.84149806  .07462440  25461-5  36773-3 0  9994
2 56195  97.2749  46.6504 0008362 213.6171 146.4601 16.42251804172613
0 PRSS 1
1 43530U 18056B   26204.24395039  .00000238  00000-0  36422-4 0  9998
2 43530  97.7801 271.1125 0001320  94.3227 265.8137 14.82036100433772
0 ENMAP
1 52159U 22033C   26204.25622170  .00000366  00000-0  61935-4 0  9994
2 52159  97.9782 285.9915 0001228  87.1287 273.0062 14.74944770231970
0 OBJECT F
1 51951U 22023F   26204.24646189  .00010951  00000-0  43261-3 0  9999
2 51951  63.4455 150.9015 0133629 341.5937  18.0364 15.18026393243185
0 OBJECT A
1 44879U 19093A   26204.28643086  .00001357  00000-0  12746-3 0  9994
2 44879  97.7793 287.8677 0009864 295.5210  64.4990 14.95581274357443
0 HORUS 2
1 55844U 23032A   26204.31512367  .00005751  00000-0  24459-3 0  9993
2 55844  97.3519 278.9873 0001629 135.0182 225.1188 15.23405944186980
0 ZHUHAI-1 03C
1 44537U 19060D   26154.34607664  .04949776  25886-5  76861-3 0  9994
2 44537  97.5217 325.7139 0012294 266.2592  93.7298 16.33825799375068
0 OBJECT B
1 44880U 19093B   26204.28256464  .00001446  00000-0  13392-3 0  9993
2 44880  97.7812 288.3555 0009917 296.1390  63.8810 14.96033788357451
0 CENTISPACE-1 S4
1 53758U 22108B   26204.22127166  .00000230  00000-0  83333-4 0  9991
2 53758  53.5297 263.5985 0010253  72.3794 287.8301 14.61974157206835
0 ASTROCAST-0203
1 48955U 21059CE  26045.83682367  .07575709  26133-5  12470-2 0  9994
2 48955  97.6232 243.2162 0007618 295.7170  64.3338 16.33418585259417
0 ASTROCAST-0201
1 48954U 21059CD  26041.49206587  .00599618  18965-3  66123-3 0  9992
2 48954  97.6299 238.3377 0005790 246.8019 113.2654 16.09655773258701
0 OBJECT G
1 56749U 23072G   26204.30841046  .00033961  00000-0  55427-3 0  9993
2 56749  97.4879  53.6441 0003192 179.3380 180.7877 15.52511753176069
0 OBJECT C
1 56745U 23072C   26204.26813862  .00030079  00000-0  56467-3 0  9991
2 56745  97.5218  54.7537 0003996 197.8939 162.2172 15.48565120175826
0 OBJECT D
1 56746U 23072D   26203.66076909  .00147226  00000-0  88347-3 0  9993
2 56746  97.4856  62.6568 0003816 154.2867 205.8590 15.77346894176448
0 OBJECT B
1 56744U 23072B   26204.27060036  .00022492  00000-0  50028-3 0  9995
2 56744  97.5230  51.4512 0005568 175.9543 184.1751 15.43650969175671
0 OBJECT G
1 56749U 23072G   26204.30841046  .00033961  00000-0  55427-3 0  9993
2 56749  97.4879  53.6441 0003192 179.3380 180.7877 15.52511753176069
0 OBJECT E
1 56747U 23072E   26204.31175207  .00027873  00000-0  50423-3 0  9997
2 56747  97.5018  54.9555 0003513 178.3408 181.7855 15.49642592175978
0 YAOGAN 7
1 36110U 09069A   26204.17217313  .00000366  00000-0  57804-4 0  9997
2 36110  98.0022  89.8090 0023167 284.2919  75.5719 14.78040795894945
0 LKW-3
1 43146U 18006A   26204.28512402  .00008181  00000-0  23676-3 0  9996
2 43146  97.6649   6.2937 0003681 153.4026 206.7406 15.35874698474250
0 ZHUHAI-1 03D
1 44538U 19060E   26204.29376135  .00038038  00000-0  63673-3 0  9990
2 44538  97.5399 355.8747 0007890 162.6408 197.5115 15.51750694381675
0 LT-1 01B
1 51822U 22018A   26204.31559451  .00000586  00000-0  69122-4 0  9991
2 51822  97.8115 211.2222 0001625  90.9146 269.2257 14.88421300239082
0 ASO-S
1 54029U 22129A   26204.29249446  .00000199  00000-0  60257-4 0  9993
2 54029  98.2762 208.8581 0013955 347.5939  12.4911 14.52077838200668
0 CBERS-4
1 40336U 14079A   26204.28210711 -.00000021  00000-0  74233-5 0  9991
2 40336  98.3512 259.9775 0000546  79.4263 280.6984 14.35517262609138
0 JILIN-01 GAOFEN 2B
1 44836U 19086A   26204.26736774  .00006144  00000-0  27899-3 0  9998
2 44836  97.4865 276.0374 0014014 186.7163 173.3887 15.21066317365976
0 JILIN-01 GAOFEN 2A
1 44777U 19075A   26204.26784077  .00014479  00000-0  36260-3 0  9991
2 44777  97.4955 288.9223 0004539 320.6216  39.4700 15.40177059370434
0 LKW-2
1 43080U 17084A   26204.27704137  .00007228  00000-0  27720-3 0  9990
2 43080  97.1181 242.3926 0004052 105.2806 254.8882 15.26768834477190
0 GAOFEN 3 02
1 49495U 21109A   26204.33356543  .00000114  00000-0  47697-4 0  9993
2 49495  98.4105 211.9179 0001554 217.1983 142.9100 14.42211472245529
0 OBJECT B
1 49316U 21091B   26204.29977382  .00002072  00000-0  10301-3 0  9996
2 49316  97.4488  31.3289 0011473 275.9344  84.0582 15.18708685264469
0 SKYMED 2
1 32376U 07059A   26204.27919223  .00000368  00000-0  52840-4 0  9991
2 32376  97.8898  27.3558 0001482  93.7243 266.4139 14.82155440  7355
0 SKYMED 4
1 37216U 10060A   26204.29186038  .00000487  00000-0  67724-4 0  9996
2 37216  97.8907  27.3699 0001559  86.1194 274.0197 14.82157282849917
0 ZY-1 02D
1 44528U 19059A   26204.31871075 -.00000085  00000-0 -13791-4 0  9993
2 44528  98.6705 265.9130 0002991 264.7726  95.3118 14.35269528359527
0 ZY 3
1 38046U 12001A   26081.01541948  .12161018  24301-5  28269-3 0  9999
2 38046  97.1345 157.1435 0011085 256.3350 103.6719 16.45573094790699
0 DAQI 1
1 52257U 22039A   26204.25133318  .00000463  00000-0  11125-3 0  9993
2 52257  98.1479 142.3585 0004533 127.1790 232.9823 14.57696500227194
0 DROID-001
1 56965U 23084AK  26059.12407982  .15531786  27588-5  16146-3 0  9995
2 56965  97.5587 217.3641 0009709 247.4524 112.5754 16.50520813152173
0 GREGOIRE
1 56946U 23084Q   26203.84999170  .00009366  00000-0  24561-3 0  9992
2 56946  97.6279 349.1381 0006269 175.7224 184.4076 15.38881726173192
ORBITER SN3
1 70325C 23084AA  23163.94916919 -.00030105  00000+0 -17221-2 0    05
2 70325  97.5115 280.5512 0011242 209.4974 194.6476 15.12703844    18
0 ION SCV-011
1 56957U 23084AB  26204.25636712  .00004900  00000-0  17626-3 0  9993
2 56957  98.1385  34.8875 0005781 271.4029  88.6546 15.29154245171328
PHOTON-04
1 56959U 23084AD  24052.59633646  .00104154  36959-5  17794-2 0  9998
2 56959  97.5180 171.5922 0433579 190.5235 168.6687 14.87783283 38429
0 GHOST-3
1 56958U 23084AC  26204.28728879  .00019563  00000-0  36244-3 0  9991
2 56958  97.6250 354.8352 0007268 158.4618 201.6940 15.49014193173606
0 BLACKJACK ACES-2
1 56955U 23084Z   26203.82273029  .00006243  00000-0  30335-3 0  9995
2 56955  97.6247 339.3842 0002030 129.9669 230.1743 15.18802627172589
0 BLACKJACK ACES-4
1 56952U 23084W   26030.83958131  .13023617  26890-5  16733-3 0  9999
2 56952  97.5252 190.3044 0012431 258.1516 101.8394 16.48891214147955
0 BLACKJACK ACES-1
1 56956U 23084AA  26203.81018598  .00006660  00000-0  32334-3 0  9997
2 56956  97.6236 339.1424 0002251 110.2021 249.9455 15.18806864122302
0 BLACKJACK ACES-3
1 56950U 23084U   26204.21183413  .00005037  00000-0  24515-3 0  9994
2 56950  97.6249 339.6936 0001412 186.1630 173.9587 15.18844898172631
0 OTTER PUP
1 56933U 23084B   26121.10315365  .08832281  26533-5  37103-3 0  9992
2 56933  97.5520 283.6368 0010821 273.3287  86.6775 16.42636595161864
ORBITER SN3
1 70325C 23084AA  23163.94916919 -.00030105  00000+0 -17221-2 0    05
2 70325  97.5115 280.5512 0011242 209.4974 194.6476 15.12703844    18
0 GEISAT PRECURSOR
1 56934U 23084C   26204.33603750  .00007420  00000-0  22032-3 0  9990
2 56934  97.6260 346.5003 0005193 197.9504 162.1556 15.35093852173078
0 VRSS-2
1 42954U 17060A   26204.26048669  .00000867  00000-0  11746-3 0  9996
2 42954  97.6501 240.3606 0016581 347.5266  12.5534 14.81246410473790
0 ZHUHAI-1 03B
1 44536U 19060C   26204.28225138  .00033924  00000-0  48690-3 0  9994
2 44536  97.5561   4.0596 0008887 176.4655 183.6664 15.56016244381938
0 HINODE (SOLAR B)
1 29479U 06041A   26204.02222696  .00000547  00000-0  10227-3 0  9996
2 29479  98.0548 219.6469 0017684 169.5910 190.5665 14.68665420 60135
0 ZINYUAN-3
1 45939U 20051A   26204.29477661  .00003073  00000-0  14079-3 0  9991
2 45939  97.5359 271.3190 0003464 205.0159 155.0909 15.21244790332835
0 YAOGAN 12
1 37875U 11066B   26204.31228940  .00007719  00000-0  29380-3 0  9996
2 37875  97.1130 241.1858 0011007  97.6817 262.5673 15.26949733817555
0 LKW-4
1 43236U 18025A   26204.04322868  .00053185  00000-0  53907-3 0  9990
2 43236  97.6362  17.8111 0003691 160.9009 199.2389 15.65089130465639
0 SPOT 5
1 27421U 02021A   26204.07507837  .00000328  00000-0  78522-4 0  9993
2 27421  97.9832 241.3456 0129975 164.2155 196.3154 14.54773224268068
0 CHUANG XIN 1-02(CX-1-02)
1 33434U 08056B   26204.32811197  .00000044  00000-0  33986-4 0  9993
2 33434  98.6135 230.2329 0015034  38.4347 321.7903 14.30159711923780
0 HAIYANG 2B
1 43655U 18081A   26204.28728823  .00000030  00000-0  72218-4 0  9992
2 43655  99.3301 212.4996 0001263 137.3444 222.7806 13.79307492389902
0 SHIJIAN 6 03B (SJ-6 03B)
1 33409U 08053B   26204.28402471  .00001247  00000-0  93755-4 0  9994
2 33409  97.8562 224.7740 0017936 280.2981  79.6222 15.04386260968174
0 KOMPSAT 5
1 39227U 13042A   26204.28013705  .00000811  00000-0  62246-4 0  9997
2 39227  97.6202  30.4733 0004373  33.1306 327.0193 15.04503496709282
0 SHIJIAN 6 02B (SJ-6 02B)
1 29506U 06046B   26204.33474394  .00001008  00000-0  82711-4 0  9991
2 29506  97.7145 233.1688 0012447 306.4718  53.5359 15.01447975 76168
0 AFR-1
1 56964U 23084AJ  26204.29913392  .00004976  00000-0  18025-3 0  9994
2 56964  97.6313 341.8759 0009869 203.7957 156.2828 15.28829639172749
0 GRUS-1B
1 47934U 21022C   26204.29551416  .00001894  00000-0  16157-3 0  9996
2 47934  97.5342  86.2864 0014720 187.2579 172.8433 14.98799902291307
0 OUTPOST MISSION 1
1 56226U 23084BK  26180.13618669  .14309285  27340-5  11766-3 0  9992
2 56226  97.5783 345.9560 0014201 259.1711 100.7996 16.51722429170951
0 TOMORROW-R2
1 56962U 23084AG  26178.25092823  .08367620  26909-5  30745-3 0  9995
2 56962  97.5928 344.1569 0013162 258.6769 101.3053 16.42951724170684
0 OBJECT X
1 57187U 23091X   26204.29958260  .00008335  00000-0  31553-3 0  9997
2 57187  97.5070 268.3260 0007945 334.0335  26.0504 15.27161049169820
0 OBJECT Z
1 57189U 23091Z   26204.29020818  .00017421  00000-0  48189-3 0  9997
2 57189  97.5072 274.5230 0005172 303.8116  56.2636 15.37067167170236
0 OBJECT AV
1 57217U 23091AV  26204.26048419  .00012424  00000-0  42182-3 0  9998
2 57217  97.5044 269.1229 0009286 335.7945  24.2858 15.30602965169894
0 OBJECT AS
1 57206U 23091AS  26204.21229570  .00118920  00000-0  99907-3 0  9995
2 57206  97.5011 286.4445 0004749 219.8616 140.2297 15.69515682171030
0 OBJECT K
1 57175U 23091K   26204.29514739  .00012544  00000-0  43434-3 0  9991
2 57175  97.5030 267.8514 0008686 357.7485   2.3714 15.29968172169824
0 OBJECT P
1 57179U 23091P   26204.24188879  .00004241  00000-0  21911-3 0  9993
2 57179  97.5073 259.8768 0014615   7.2336 352.9105 15.16741850169251
0 OBJECT N
1 57178U 23091N   26204.30190761  .00012622  00000-0  40998-3 0  9990
2 57178  97.5072 270.3627 0008937 330.8868  29.1874 15.32032243169956
0 OBJECT E
1 57170U 23091E   26204.28796391  .00007893  00000-0  32179-3 0  9996
2 57170  97.5095 265.9905 0007594 336.2113  23.8772 15.24702847169664
0 OBJECT G
1 57172U 23091G   26204.27703017  .00005357  00000-0  24298-3 0  9996
2 57172  97.5031 262.8399 0012207   1.9523 358.1758 15.21185313169496
0 OBJECT C
1 57168U 23091C   26204.27420261  .00008684  00000-0  32911-3 0  9995
2 57168  97.5005 266.7712 0010160 348.2423  11.8577 15.27089722169761
0 OBJECT AL
1 57200U 23091AL  26204.27267093  .00033108  00000-0  64409-3 0  9990
2 57200  97.5030 279.9143 0004122 269.8295  90.2482 15.47515318170581
0 OBJECT AP
1 57203U 23091AP  26204.30009628  .00012467  00000-0  39511-3 0  9996
2 57203  97.5068 272.0385 0006091 316.9139  43.1626 15.32846468170073
0 OBJECT AB
1 57191U 23091AB  26204.30085715  .00005072  00000-0  24204-3 0  9990
2 57191  97.5028 261.8569 0015260  10.4195 349.7353 15.19420919169435
0 OBJECT Q
1 57180U 23091Q   26204.27720132  .00010340  00000-0  37504-3 0  9994
2 57180  97.5063 268.0004 0010183 339.9092  20.1745 15.28487454169802
0 OBJECT R
1 57181U 23091R   26204.29907633  .00002802  00000-0  15462-3 0  9993
2 57181  97.5046 257.7700 0015298  19.3807 340.8004 15.14688392169154
0 A-SEANSAT-PG1
1 57197U 23091AH  26204.26091141  .00019153  00000-0  51217-3 0  9990
2 57197  97.5060 274.6385 0005092 313.8783  46.2041 15.38096226170256
0 OBJECT S
1 57182U 23091S   26204.25423767  .00011017  00000-0  39830-3 0  9994
2 57182  97.5058 267.9504 0010179 340.2993  19.7852 15.28575739169808
0 METEOR M2-3
1 57166U 23091A   26204.28351201 -.00000010  00000-0  14390-4 0  9999
2 57166  98.6063 258.5192 0005041  72.2516 287.9213 14.24049399159657
0 OBJECT H
1 57173U 23091H   26204.24244110  .00011242  00000-0  39713-3 0  9996
2 57173  97.5029 267.7402 0008726 356.7586   3.3596 15.29341372169816
0 OBJECT M
1 57177U 23091M   26204.26074102  .00006516  00000-0  29365-3 0  9994
2 57177  97.5071 263.1173 0012563 358.4107   1.7087 15.21322157169486
0 GLOBAL-17
1 49949U 21120A   26204.16228523  .00027447  00000-0  41459-3 0  9994
2 49949  41.9927 194.6241 0014313 152.7031 207.4569 15.54027238260498
0 OBJECT U
1 57184U 23091U   26204.27861065  .00004258  00000-0  20531-3 0  9992
2 57184  97.5052 262.3307 0010582 356.3994   3.7162 15.19206260169437
0 PACE-1
1 48909U 21059AG  26204.05332317  .00154457  00000-0  59518-3 0  9992
2 48909  97.6731  46.4314 0002939 154.3467 205.7950 15.86907404283476
0 JILIN-01 KUANFU 01
1 45016U 20003A   26204.24909946  .00002373  00000-0  14619-3 0  9997
2 45016  97.5011 277.5015 0010073 169.0079 191.1373 15.10899275360776
0 GAOFEN DUOMO (GFDM)
1 45856U 20042A   26204.31912479  .00000373  00000-0  60129-4 0  9991
2 45856  97.7725 262.8864 0010009 325.7191  34.3373 14.76808332326344
0 OBJECT D
1 48843U 21050D   26204.26282250  .00004100  00000-0  17384-3 0  9997
2 48843  97.3324 279.4816 0007087 129.3771 230.8095 15.23653309284453
0 COSMOS 2558
1 53323U 22089A   26201.86169061  .00127495  00000-0  59610-3 0  9997
2 53323  97.2232 307.4901 0004329 220.3966 139.6983 15.82905343223144
0 COSMOS 2535
1 44421U 19039A   26204.29139976  .00001135  00000-0  11719-3 0  9999
2 44421  97.5753 231.0719 0009924  92.6727 267.5629 14.92007740382029
0 OBJECT D
1 57169U 23091D   26204.28780394  .00007951  00000-0  32405-3 0  9997
2 57169  97.5090 265.9101 0008853 344.6319  15.4648 15.24702751169668
0 OBJECT E
1 57170U 23091E   26204.28796391  .00007893  00000-0  32179-3 0  9996
2 57170  97.5095 265.9905 0007594 336.2113  23.8772 15.24702847169664
0 OBJECT F
1 57171U 23091F   26204.28755523  .00007900  00000-0  32189-3 0  9999
2 57171  97.5091 265.9388 0009910 355.2295   4.8846 15.24703105169661
0 OBJECT AN
1 57202U 23091AN  26204.30070932  .00005138  00000-0  24575-3 0  9992
2 57202  97.5096 262.9103 0008740 354.6417   5.4722 15.19401084169443
0 OBJECT W
1 57186U 23091W   26204.29600084  .00007757  00000-0  27345-3 0  9995
2 57186  97.5130 270.9219 0016661 329.8522  30.1758 15.29429476169970
0 OBJECT AF
1 57195U 23091AF  26204.29091971  .00005136  00000-0  23663-3 0  9992
2 57195  97.5070 263.7249 0009608 354.3826   5.7300 15.20692318169518
0 GAOFEN 3 03
1 52200U 22035A   26204.30620412  .00000118  00000-0  48898-4 0  9994
2 52200  98.4077 212.3635 0001791  85.0546 275.0848 14.42218815226059
0 OBJECT AG
1 57196U 23091AG  26204.14576761  .00014804  00000-0  47055-3 0  9995
2 57196  97.5069 271.6829 0006162 323.1168  36.9649 15.32710360170036
0 OBJECT Y
1 57188U 23091Y   26204.28242591  .00008686  00000-0  32752-3 0  9991
2 57188  97.5047 268.0666 0007410 334.3765  25.7106 15.27282013169828
0 OBJECT J
1 57174U 23091J   26204.27354352  .00003634  00000-0  20250-3 0  9992
2 57174  97.5036 256.8560 0013763  30.6384 329.5649 15.14153753169090
0 GLOBAL-19
1 55982U 23041B   26203.80459278  .00016632  00000-0  42841-3 0  9995
2 55982  42.0029 354.0544 0010442 265.5834  94.3813 15.38839448187419
0 OBJECT AQ
1 57204U 23091AQ  26204.22060352  .00021231  00000-0  53970-3 0  9993
2 57204  97.5072 275.8449 0004361 296.3792  63.7006 15.39636512170316
0 OBJECT AU
1 57208U 23091AU  26204.28876866  .00020886  00000-0  52318-3 0  9998
2 57208  97.5071 276.1845 0004308 294.8731  65.2067 15.40089842170347
0 OBJECT AK
1 57199U 23091AK  26204.26362414  .00020385  00000-0  51451-3 0  9995
2 57199  97.5061 275.6981 0004431 303.8740  56.2083 15.39862932170310
0 OBJECT AM
1 57201U 23091AM  26204.30186684  .00019898  00000-0  51092-3 0  9995
2 57201  97.5059 275.4381 0004671 304.4571  55.6233 15.39341504170304
0 OBJECT AE
1 57194U 23091AE  26204.24936415  .00010301  00000-0  40014-3 0  9996
2 57194  97.5044 267.2367 0010316 348.9319  11.1690 15.26218306169770
0 OBJECT AD
1 57193U 23091AD  26204.25812352  .00013993  00000-0  44046-3 0  9998
2 57193  97.5036 270.2551 0008737 337.2459  22.8395 15.33015950169970
0 OBJECT AC
1 57192U 23091AC  26204.30419615  .00009752  00000-0  37524-3 0  9999
2 57192  97.5050 267.4861 0010337 347.4733  12.6247 15.26547774169793
0 OBJECT L
1 57176U 23091L   26204.24052654  .00012006  00000-0  41280-3 0  9990
2 57176  97.5041 268.4979 0009833 342.8743  17.2164 15.30197549169857
0 ASTROCAST-0103
1 47487U 21006CC  26123.02177090  .09787114  23920-5  21229-2 0  9995
2 47487  97.2367 195.6334 0013101 276.8436  83.1368 16.30381751294121
0 COSMOS 2197
1 22034U 92042A   26204.30471891  .00000039  00000-0  15196-3 0  9992
2 22034  82.5921 205.8558 0012460 186.2243 185.7449 12.64252966569856
0 COSMOS 2484
1 39059U 13001C   26204.28763797 -.00000012  00000-0 -15324-3 0  9997
2 39059  82.5007 199.4478 0025353 317.5690  42.3429 12.42940422613049
0 GONETS M 05
1 39249U 13048A   26204.33848481  .00000098  00000-0  63544-3 0  9998
2 39249  82.4854 320.8456 0017588 132.8470 227.4090 12.42893193583374
0 GONETS M 07
1 39251U 13048C   26204.30078472  .00000225  00000-0  15504-2 0  9997
2 39251  82.4922 323.8101 0018389 134.1188 226.1408 12.42916504583320
0 COSMOS 2488
1 39483U 13076A   26204.26090593  .00000101  00000-0  65625-3 0  9991
2 39483  82.4858 146.2226 0020332  20.7001 339.4898 12.42906825570372
0 COSMOS 2489
1 39484U 13076B   26204.31736314  .00000026  00000-0  11500-3 0  9995
2 39484  82.4895 147.5781 0022138  20.2332 339.9621 12.42880438570439
0 COSMOS 2490
1 39485U 13076C   26204.28929847  .00000022  00000-0  85657-4 0  9998
2 39485  82.4842 145.6473 0022604  35.3205 324.9367 12.42879360570368
0 COSMOS 2498
1 39763U 14028C   26204.27719382 -.00000131  00000-0 -10172-2 0  9996
2 39763  82.4448  86.3011 0021658 358.2771   1.8230 12.42980790552035
0 COSMOS 2497
1 39762U 14028B   26204.30208704 -.00000051  00000-0 -43570-3 0  9990
2 39762  82.4488  87.8141 0020981 358.7189   1.3834 12.42895307552005
0 COSMOS 2496
1 39761U 14028A   26204.32726633 -.00000029  00000-0 -27820-3 0  9992
2 39761  82.4440  86.0946 0020524   3.6951 356.4277 12.42879566552006
0 GONETS M 10 (M20)
1 40063U 14036C   26204.29243252  .00000063  00000-0  38143-3 0  9991
2 40063  82.5109 285.2506 0022793  65.6075 294.7380 12.42946651546738
0 GONETS M 11 (M21)
1 40552U 15020A   26204.23225786  .00000041  00000-0  22814-3 0  9998
2 40552  82.4879   8.5267 0015258 284.4809  75.4577 12.42878811513219
0 GONETS M 12 (M22)
1 40553U 15020B   26204.28586190  .00000062  00000-0  37707-3 0  9993
2 40553  82.4912   9.6266 0014227 268.0147  91.9304 12.42892284513218
0 GONETS M 13 (M23)
1 40554U 15020C   26204.25994411  .00000084  00000-0  53244-3 0  9998
2 40554  82.4874   8.2474 0012879 251.7246 108.2433 12.42872273513189
0 COSMOS 2507
1 40920U 15050A   26204.29372428 -.00000044  00000-0 -38772-3 0  9997
2 40920  82.4904  57.1848 0008881 273.3374  86.6690 12.42927383491348
0 COSMOS 2508
1 40921U 15050B   26204.24908132 -.00000091  00000-0 -72929-3 0  9994
2 40921  82.4856  55.7039 0013604 308.4693  51.5165 12.42915000491323
0 COSMOS 2509
1 40922U 15050C   26204.27030263 -.00000148  00000-0 -11407-2 0  9995
2 40922  82.4865  55.7968 0014247 326.2756  33.7416 12.42884258491362
0 COSMOS 2530
1 43751U 18097A   26204.27852791 -.00000061  00000-0 -51344-3 0  9999
2 43751  82.5132 199.8813 0018626 320.7988  39.1741 12.42881649346779
0 COSMOS 2531
1 43752U 18097B   26204.29990771  .00000016  00000-0  41440-4 0  9998
2 43752  82.5177 200.9387 0016214 341.2288  18.8192 12.42913155346795
0 COSMOS 2532
1 43753U 18097C   26204.32825363 -.00000002  00000-0 -86930-4 0  9997
2 43753  82.5122 199.6907 0017632 343.0000  17.0487 12.42910549346764
0 GONETS M 14 (M24)
1 44905U 19096A   26204.27237796 -.00000087  00000-0 -70260-3 0  9999
2 44905  82.5214  62.2649 0014445  74.3828 285.8845 12.42870665298162
0 GONETS M 15 (M25)
1 44906U 19096B   26204.30162866 -.00000122  00000-0 -95512-3 0  9996
2 44906  82.5234  62.7139 0016260  95.7793 264.5141 12.42882801298134
0 GONETS M 16 (M26)
1 44907U 19096C   26204.24688190 -.00000088  00000-0 -70450-3 0  9998
2 44907  82.5179  61.6832 0011348 134.5351 225.6658 12.42892377298113
0 GONETS M 17
1 46486U 20068A   26204.27242296  .00000153  00000-0  10367-2 0  9990
2 46486  82.5014 325.0545 0021541 318.3225  41.6213 12.42874720263646
0 GONETS M 18
1 46487U 20068B   26204.31656205  .00000184  00000-0  12586-2 0  9994
2 46487  82.4968 324.1313 0018802 314.6855  45.2692 12.42875882263631
0 GONETS M 19
1 46488U 20068C   26204.29147421  .00000215  00000-0  14795-2 0  9996
2 46488  82.4993 324.6040 0012715 331.6423  28.3963 12.42893785263735
0 GONETS M 20
1 47227U 20091A   26204.22956779  .00000079  00000-0  49928-3 0  9996
2 47227  82.5036 280.0333 0022194 102.3757 257.9809 12.42894921255554
0 GONETS M 21
1 47228U 20091B   26204.28411478 -.00000002  00000-0 -84971-4 0  9991
2 47228  82.4960 278.6843 0016015 115.5404 244.7333 12.42887535255558
0 GONETS M 22
1 47229U 20091C   26204.25704700  .00000088  00000-0  55860-3 0  9998
2 47229  82.5018 279.6165 0023040  97.8195 262.5501 12.42894055255502
0 GONETS-M 23
1 54150U 22139A   26204.32539913  .00000029  00000-0  14028-3 0  9990
2 54150  82.5101 325.8372 0022405 141.4240 218.8446 12.42892237170138
0 GONETS-M 25
1 54152U 22139C   26204.28490078  .00000027  00000-0  12230-3 0  9996
2 54152  82.5083 325.6033 0021442 149.9921 210.2392 12.42891106170130
0 XINGYUN-2 02
1 45603U 20028B   26204.26410920  .00002005  00000-0  12146-3 0  9992
2 45603  97.5089 209.6256 0012057 139.4067 220.8064 15.11662559340283
0 GONETS-M 24
1 54151U 22139B   26204.29845343  .00000019  00000-0  65184-4 0  9993
2 54151  82.5017 324.8890 0017522 151.1055 209.0999 12.42892669170139
0 ZHUHAI-1 03E
1 44539U 19060F   26204.26792275  .00018291  00000-0  42884-3 0  9995
2 44539  97.5650 355.5055 0004676 239.4258 120.6528 15.42123746381329
0 ARCADE
1 57485U 23109E   23357.86294790  .00014481  00000-0  70660-3 0  9999
2 57485   4.9977 247.6344 0009185  53.8335 306.2623 15.14746534 22250
0 SCOOBII
1 57484U 23109D   24006.48621913  .00017746  00000-0  90245-3 0  9997
2 57484   4.9510 145.7547 0005430 219.0242 140.9473 15.13763583 24325
0 VELOX-AM
1 57482U 23109B   24010.80486117  .00011208  00000-0  52712-3 0  9995
2 57482   5.0045 110.9764 0011546 327.6281  32.3119 15.15302227 25000
0 GALASSIA-2
1 57486U 23109F   23350.85418427  .00009606  00000-0  48048-3 0  9995
2 57486   5.0011 301.3018 0001321 115.2367 244.7878 15.12808902 21185
0 ORB-12 STRIDER
1 57483U 23109C   24010.79410533  .00010603  00000-0  49907-3 0  9993
2 57483   5.0027 110.8465 0013742 325.2209  34.7002 15.15065068 25008
0 NINGXIA-1 5
1 44783U 19076E   26204.17877961 -.00000170  00000-0 -25949-4 0  9992
2 44783  45.0068  18.3403 0011189 315.3238  44.6694 14.02089995342824
0 YUNHAI 1
1 41857U 16068A   26204.27483773  .00000478  00000-0  19178-3 0  9999
2 41857  98.5859 214.9482 0002619 321.2104  38.8892 14.32727437506999
0 YUNHAI 1-03
1 53877U 22115A   26204.29306831  .00000301  00000-0  12646-3 0  9993
2 53877  98.5551 201.9847 0003708 311.3328  48.7537 14.32741706200680
0 THEA
1 43796U 18099AQ  26204.17205471  .00019672  00000-0  55940-3 0  9998
2 43796  97.4422 274.2403 0008611 149.2695 210.9054 15.36153177418219
0 METEOR 2-1 DEB
1 57492U 75064F   26203.57222541  .00001154  00000-0  44618-3 0  9997
2 57492  81.2776 323.8215 0007753 332.6365  27.4408 14.29565150408043
0 HORUS 1
1 55690U 23025A   26204.27909956  .00005976  00000-0  25488-3 0  9995
2 55690  97.3447 278.1139 0001817 113.7341 246.4087 15.23290398189549
0 OBJECT R
1 57181U 23091R   26204.29907633  .00002802  00000-0  15462-3 0  9993
2 57181  97.5046 257.7700 0015298  19.3807 340.8004 15.14688392169154
Optsat 3000
1 42900U 17044A   26011.42571887  .00000000  00000-0  50000-4 0    05
2 42900  97.4000  77.8080 0001000   0.0000 127.2026 15.22594738    04
0 LANDSAT 7
1 25682U 99020A   26204.19652957  .00000338  00000-0  73101-4 0  9991
2 25682  97.8595 206.1843 0001423  76.9720 347.8191 14.63943344451119
0 GAOFEN 1
1 39150U 13018A   26204.31878060  .00000633  00000-0  97894-4 0  9991
2 39150  97.9078 275.6489 0017798 145.7423 214.4939 14.76525932713578
0 HIBARI
1 49400U 21102F   26204.12405705  .00011599  00000-0  37206-3 0  9997
2 49400  97.3219 249.6294 0013086  77.0070 283.2632 15.32402947259699
0 PAZ
1 43215U 18020A   26204.26869853  .00001684  00000-0  83375-4 0  9996
2 43215  97.4460 211.1426 0001724  86.5835 273.5596 15.19145888466488
0 IMAGE
1 26113U 00017A   26201.47761102 -.00000064  00000-0  00000-0 0  9991
2 26113  94.2547 315.8054 7409308 284.0475  10.0856  1.68666956162061
0 HJ-2A
1 46478U 20067A   26204.28511237  .00000093  00000-0  20415-4 0  9995
2 46478  97.8813 281.8020 0004781 134.4075 225.7527 14.76554245313585
0 SHIJIAN 6 04B (SJ-6 04B)
1 37180U 10051B   26204.26086411 -.00000120  00000-0 -47803-5 0  9990
2 37180  97.8727 210.0578 0008722 187.5367 172.5726 14.99379879861089
0 KOMPSAT 3
1 38338U 12025B   26204.30053551  .00000401  00000-0  88897-4 0  9990
2 38338  98.1190 161.1422 0005686  16.4291 343.7094 14.62234437756622
0 FENGYUN 3F
1 57490U 23111A   26204.26376872  .00000023  00000-0  31099-4 0  9999
2 57490  98.6820 273.5971 0001113  75.1404 284.9896 14.19944413153983
0 H2SAT
1 57213U 23093A   26204.25605576  .00000007  00000-0  00000-0 0  9992
2 57213   0.0264 106.3480 0000747 229.7173  57.8130  1.00272464 11274
0 NPSAT1
1 44340U 19036B   26203.77671845  .00005225  00000-0  72569-3 0  9998
2 44340  24.0006 345.9090 0007180 255.3402 104.6299 14.74871082377758
0 QIANKUN-1
1 57422U 23103B   26202.46773794  .00007900  16683-5  96814-5 0  9996
2 57422  96.1460 244.8830 0034106 125.1759 235.2729 16.07673823172802
0 CALIPSO
1 29108U 06016B   26204.32003561  .00000700  00000-0  12722-3 0  9991
2 29108  98.4472 221.2166 0001573 108.3036 251.8340 14.69411088 78362
0 TELEOS 2
1 56310U 23057C   26204.14774911  .00005858  00000-0  44350-3 0  9995
2 56310   9.9894 302.3520 0000835 280.1819  79.8301 14.96420094178199
0 TBA - TO BE ASSIGNED
1 81817U          24182.15771271 +.00376921 +00000+0 +50241-2 0  9994
2 81817  65.6833  85.7194 0094637 257.5768 101.4780 15.51588069  4004
0 LAPAN-TUBSAT
1 29709U 07001A   26204.27977508  .00000229  00000-0  32835-4 0  9992
2 29709  98.1364 204.3207 0013553  70.5405 289.7272 14.85980440 56513
0 HJ-2F
1 57519U 23116A   26204.26740189  .00007614  00000-0  32870-3 0  9992
2 57519  97.3858 208.8705 0006251 275.8839  84.1685 15.22777494164242
0 ADITYA-L1
1 57754U 23132A   23257.85684028 -.00001335  00000-0  00000-0 0  9992
2 57754  19.2554  17.2188 8437217 354.9359 359.1120  0.99301021    10
0 XRISM
1 57800U 23137A   26204.15455041  .00004502  00000-0  24516-3 0  9997
2 57800  31.0018 126.5672 0007816 325.3983  34.6146 15.12714303158318
0 DMSP 5D-3 F17 (USA 191)
1 29522U 06050A   26204.30310709  .00000026  00000-0  35823-4 0  9991
2 29522  98.7392 210.1361 0009286 318.4046  41.6421 14.14996746 17530
0 BEIDOU 13
1 38251U 12018B   26201.94943255 -.00000102  00000-0  00000-0 0  9997
2 38251  55.6263 302.9476 0012250 272.0854  87.8062  1.86229353 96574
0 BEIDOU 2
1 31115U 07011A   26201.64567108  .00000051  00000-0  00000-0 0  9994
2 31115  50.9225 218.1656 0002111 328.6539  31.3669  1.77349452 76740
0 RADUGA 1M-2
1 36358U 10002A   26203.99856532 -.00000272  00000-0  00000-0 0  9990
2 36358   3.7116  78.4130 0004614 264.4067  97.9867  0.98969977 50388
0 GAOFEN 2
1 40118U 14049A   26204.32459655  .00000240  00000-0  37879-4 0  9999
2 40118  98.0089 268.4938 0008648 112.2250 247.9880 14.80933260644580
0 MERIDIAN 10
1 52145U 22030A   26203.85975866  .00000121  00000-0  00000-0 0  9995
2 52145  62.6775 136.9373 6793927 272.8362  17.5910  2.00608323 31749
0 SJ-7
1 28737U 05024A   26204.05775452  .00007757  00000-0  34196-3 0  9999
2 28737  97.7277 235.1358 0013624 265.8795  94.0883 15.22016030153486
0 DAMPE
1 41173U 15078A   26204.25047914  .00001203  00000-0  42922-4 0  9992
2 41173  97.4576 209.8983 0010639 314.8917  45.1460 15.30868155590069
0 DEIMOS 2
1 40013U 14033D   26204.28873959  .00001005  00000-0  99825-4 0  9997
2 40013  97.5787  77.5018 0001531 103.2207 256.9185 14.93813350643114
0 ZY-1 02E
1 50465U 21131A   26204.32608755  .00000012  00000-0  19157-4 0  9998
2 50465  98.4418 280.6455 0001748  64.7260 295.4107 14.35403242239607
0 VRSS-1
1 38782U 12052A   26204.32015808  .00001007  00000-0  13892-3 0  9993
2 38782  97.6184 178.8071 0019205 116.0578 244.2615 14.80074559744958
0 INDEX
1 28810U 05031B   26204.28211805  .00004559  00000-0  27450-3 0  9993
2 28810  98.0176 330.0110 0018883 353.3143   6.7830 15.11216281136440
0 ION SCV-002
1 47504U 21006CV  26204.25766013  .00013185  00000-0  28250-3 0  9991
2 47504  97.1139 205.4135 0010117 358.2309   1.8903 15.44827642305598
0 RUNNER-1 (TYVAK-1005)
1 56953U 23084X   26204.24031807  .00010424  00000-0  27773-3 0  9994
2 56953  97.6276 347.7339 0008168 175.2774 184.8549 15.38343600173147
0 S6 MICHAEL FREILICH
1 46984U 20086A   26204.07848740 -.00000059  00000-0  90394-5 0  9994
2 46984  66.0410  60.5060 0007780 269.6212  90.3912 12.80930280264927
0 ANSER-FLW1
1 58019U 23155D   26204.27946730  .00087628  00000-0  14674-2 0  9996
2 58019  97.5512 295.7080 0003138 195.6583 164.4573 15.51552770154544
0 ANSER-FLW2
1 58018U 23155C   26203.70833000  .00037615  00000-0  64614-3 0  9998
2 58018  97.5516 294.4660 0002430 184.5213 175.6017 15.51055674154456
0 PRETTY
1 58023U 23155H   26204.22949329  .00005550  00000-0  23040-3 0  9995
2 58023  97.5679 286.1667 0000564 164.4031 195.7223 15.24261256153847
0 CSC-1
1 58022U 23155G   26204.14337918  .00003294  00000-0  20092-3 0  9997
2 58022  97.5348 273.0794 0009492 114.8379 245.3839 15.10993714153164
0 YAOGAN 21
1 40143U 14053A   26204.27859186  .00003677  00000-0  14205-3 0  9993
2 40143  97.1463 242.9724 0006657 338.3577  21.7380 15.26833343660465
0 FORMOSAT-5
1 42920U 17049A   26204.25849148  .00000063  00000-0  27005-4 0  9990
2 42920  98.2240 278.7646 0010851 338.2719  21.8015 14.50894220471905
0 CSC-2
1 58021U 23155F   26204.15984362  .00010286  00000-0  44797-3 0  9995
2 58021  97.5409 280.9307 0006465 110.5637 249.6293 15.22391445153656
0 PVCC
1 58025U 23155K   26204.23640834  .00006743  00000-0  35110-3 0  9993
2 58025  97.5688 280.6856 0004367  30.3957 329.7529 15.16338078153443
0 MACSAT
1 58024U 23155J   26204.21027581  .00003848  00000-0  17760-3 0  9992
2 58024  97.5767 286.3967 0001039 339.0216  21.0977 15.20836813153800
0 NESS
1 58020U 23155E   26204.22169517  .00017699  00000-0  58832-3 0  9999
2 58020  97.5904 290.8283 0007006  81.9280 278.2755 15.31226155154001
0 T2V
1 58016U 23155A   26204.24251309  .00000733  00000-0  99825-4 0  9996
2 58016  97.8861 274.6786 0001456  98.4216 261.7162 14.81649208150764
0 FORMOSAT-7R/TRITON
1 58017U 23155B   26204.20645632  .00001109  00000-0  11721-3 0  9995
2 58017  97.8346 285.3480 0001079  48.1986 311.9325 14.91210885151597
0 MACSAT
1 58024U 23155J   26204.21027581  .00003848  00000-0  17760-3 0  9992
2 58024  97.5767 286.3967 0001039 339.0216  21.0977 15.20836813153800
0 APRIZESAT 10
1 40019U 14033K   26203.29662844  .00000521  00000-0  89313-4 0  9995
2 40019  97.9688 329.4807 0079274 160.7576 199.6654 14.70917447647413
0 OPS 5644
1 10033U 77044A   26204.14917895  .00000179  00000-0  84678-4 0  9991
2 10033  99.1152 254.3303 0038739 123.4689 237.0205 14.31479520373300
0 NOAA 21
1 54234U 22150A   26204.26342409  .00000012  00000-0  26366-4 0  9992
2 54234  98.7059 142.4468 0002915  90.1668 269.9842 14.19542003191666
0 USA 17
1 16625U 86014F   26203.83982941  .00006993  00000-0  66657-3 0  9996
2 16625  63.3038   2.9376 0783230 116.3356 252.0263 13.74792193347729
0 USA 17
1 16625U 86014F   26203.83982941  .00006993  00000-0  66657-3 0  9996
2 16625  63.3038   2.9376 0783230 116.3356 252.0263 13.74792193347729
0 ICESAT-2
1 43613U 18070A   26204.23439699  .00009200  00000-0  33395-3 0  9999
2 43613  92.0084 300.7207 0004587  40.1977 319.9611 15.28279270437965
0 SHIJIAN 6 02A (SJ-6 02A)
1 29505U 06046A   26204.30104218  .00006472  00000-0  32796-3 0  9999
2 29505  97.6351 245.6435 0003765  47.2116 312.9433 15.17314794 77747
0 POLAR
1 23802U 96013A   26203.46798407  .00000205  00000-0  00000-0 0  9999
2 23802  79.9029 226.6327 6505799 207.8657  92.2145  1.29845994145315
0 ION SCV-013
1 58300U 23174AW  26204.26180648  .00002136  00000-0  13800-3 0  9999
2 58300  97.6133 258.8624 0099935  73.9058 287.3143 15.05255750146968
0 OBJECT CG
1 58334U 23174CG  26204.23912407  .00047192  00000-0  57648-3 0  9998
2 58334  97.3956 298.6388 0003038 353.8874   6.2346 15.60302070151440
0 SPACEVAN-001
1 58295U 23174AR  26203.64083604  .00003622  00000-0  47954-4 0  9996
2 58295  97.3999 302.1086 0005916 307.9940  52.0782 15.59012949151668
WEDGIERIDE HELLOTEST
1 70324C 23174Z   23315.82508771 -.00009936  00000+0 -55258-3 0    04
2 70324  97.5034  28.7670 0013671 274.8263  81.0817 15.13680427    19
0 PROTOMETHEE
1 58321U 23174BT  26204.27517531  .00003312  00000-0  11061-3 0  9992
2 58321  97.3757 282.5199 0008738  48.7627 311.4366 15.31717992150493
MAVERICK NLAS OMNILER1
1 70331C 23174AG  23315.82598586 -.00017487  00000+0 -98021-3 0    00
2 70331  97.4791  28.7692 0009527 284.7252  76.1239 15.13442431    17
0 UMBRA-07
1 58297U 23174AT  26204.16811497  .00010778  00000-0  67169-3 0  9994
2 58297  97.3775 258.5781 0001432 337.2149  22.9017 15.09722583148844
WEDGIERIDE HELLOTEST
1 70324C 23174Z   23315.82508771 -.00009936  00000+0 -55258-3 0    04
2 70324  97.5034  28.7670 0013671 274.8263  81.0817 15.13680427    19
EQUALIZER03 HERONMK2
1 70375C 23174CC  23315.83661433 -.00026412  00000+0 -14574-2 0    09
2 70375  97.4819  28.7762 0009329 264.3585 154.3842 15.14010932    14
0 BRO-11
1 58264U 23174J   26204.27665380  .00004248  00000-0  15968-3 0  9993
2 58264  97.3891 280.7933 0011956  83.2243 277.0357 15.27641695150261
0 BRO-10
1 58331U 23174CD  26115.38949140  .08188723  24853-5  11659-2 0  9998
2 58331  97.3464 212.6257 0014863 262.6139  97.3468 16.34539426138137
0 GENMAT-1
1 58276U 23174W   26204.17039671  .00009582  00000-0  28229-3 0  9993
2 58276  97.3662 281.9651 0007583  65.1533 295.0499 15.35223391150492
0 IMPULSE-1 MIRA
1 58301U 23174AX  26204.20660285  .00011144  00000-0  29325-3 0  9992
2 58301  97.5180 290.4416 0070838 354.5801   5.4668 15.36153055150422
0 ICEYE-X31
1 58288U 23174AJ  26204.31951891  .00018725  00000-0  54644-3 0  9998
2 58288  97.3765 280.0744 0003404 164.5676 195.5672 15.35378971150292
SUPERDOVE 003 A13
1 70346C 23174AX  23315.82819651 -.00021381  00000+0 -11934-2 0    00
2 70346  97.4860  28.7718 0010077 280.2303  92.6472 15.13591049    11
0 SKYKRAFT-1
1 55041U 23001AJ  26204.29230784  .00061761  00000-0  50568-3 0  9998
2 55041  97.3158 283.1332 0002148 247.0259 113.0777 15.70339813198718
NOSS 3-5 (A)
1 37386U 11014A   26202.05567467 0.00000000  00000-0  00000-0 0    09
2 37386  63.4202 194.9265 0351085 357.3004   2.8721 13.40999458    08
NOSS 3-3 (A)
1 28537U 05004A   26157.96827020 0.00000000  00000-0  00000-0 0    02
2 28537  63.3754  92.1187 0529052   4.8726 355.1274 13.41264466    07
0 SKYKRAFT-1C
1 55061U 23001BE  26204.09404600  .00002993  00000-0  12193-3 0  9992
2 55061  97.3170 256.9536 0011059  29.1630 331.0223 15.25187453196954
0 SKYKRAFT-1A
1 55054U 23001AX  26204.12281616  .00005141  00000-0  18170-3 0  9997
2 55054  97.3197 260.9420 0009518  15.7028 344.4506 15.29585807197212
0 TIANQI 24
1 57795U 23135D   26204.04681187  .00000262  00000-0  18498-3 0  9999
2 57795  49.9748   1.8980 0013745  28.1007 332.0645 14.23159184149735
0 GOES 18
1 51850U 22021A   26204.30380817  .00000000  00000-0  00000-0 0  9990
2 51850   0.0154  76.4488 0000554  69.0245 127.9320  1.00271141  6959
0 OBJECT T
1 57183U 23091T   26204.29942661  .00004708  00000-0  22616-3 0  9991
2 57183  97.5069 262.7080 0010499 353.8371   6.2733 15.19282605169455
0 GAOFEN-5 02
1 49122U 21079A   26204.29793043 -.00000019  00000-0  58959-5 0  9990
2 49122  98.2591 278.3413 0000920 141.9685 218.1579 14.57708231259341
0 SHIJIAN 6 01A (SJ-6 01A)
1 28413U 04035A   26204.08515002  .00008363  00000-0  40884-3 0  9992
2 28413  97.5860 231.2927 0006460  29.1922 330.9672 15.18468000192917
0 HAIYANG 3A
1 58349U 23176A   26204.30750600  .00000083  00000-0  45151-4 0  9994
2 58349  98.5454 281.8641 0008306 277.8405  82.1837 14.34131779140493
PICO-1A-1
1 99024U          23325.95555556  .00000000  00000-0  71105-4 0    05
2 99024  97.4837  38.7502 0015373 231.5222 237.3442 15.14398988    06
PICO-1A-2
1 99023U          23325.95555556  .00000000  00000-0  71105-4 0    04
2 99023  97.4837  38.7502 0015373 231.5222 237.3442 15.14398988    05
PICO-1A-3
1 99022U          23325.95555556  .00000000  00000-0  71105-4 0    03
2 99022  97.4837  38.7502 0015373 231.5222 237.3442 15.14398988    04
PICO-1A-4
1 99021U          23325.95555556  .00000000  00000-0  71105-4 0    02
2 99021  97.4837  38.7502 0015373 231.5222 237.3442 15.14398988    03
PICO-1A-5
1 99020U          23325.95555556  .00000000  00000-0  71105-4 0    01
2 99020  97.4837  38.7502 0015373 231.5222 237.3442 15.14398988    02
PICO-1A-6
1 99019U          23325.95555556  .00000000  00000-0  71105-4 0    09
2 99019  97.4837  38.7502 0015373 231.5222 237.3442 15.14398988    00
PICO-1A-7
1 99018U          23325.95555556  .00000000  00000-0  71105-4 0    08
2 99018  97.4837  38.7502 0015373 231.5222 237.3442 15.14398988    09
PICO-1A-9
1 99016U          23325.95555556  .00000000  00000-0  71105-4 0    06
2 99016  97.4837  38.7502 0015373 231.5222 237.3442 15.14398988    07
0 MALLIGYONG-1
1 58400U 23179A   26204.31150447  .00003163  00000-0  13808-3 0  9994
2 58400  97.2970  84.8348 0006543 259.2972 100.7528 15.22827069148257
0 TIANQI 23
1 57794U 23135C   26203.82030598  .00000116  00000-0  12133-3 0  9995
2 57794  49.9744   2.6272 0013420  26.7484 333.4118 14.23059500149704
0 TIANQI 22
1 57793U 23135B   26204.06253109  .00000056  00000-0  94491-4 0  9997
2 57793  49.9696   1.5272 0012716  28.3208 331.8393 14.23258198149730
0 TIANQI 21
1 57792U 23135A   26204.15305575 -.00000142  00000-0  78094-5 0  9990
2 57792  49.9735   0.9873 0013191  23.6592 336.4925 14.23137939149758
0 SKYMED 1
1 31598U 07023A   26204.29195236  .00003096  00000-0  27253-3 0  9999
2 31598  97.8863  36.4546 0001935  93.2124 266.9319 14.97254378 35190
0 SPIRIT
1 58468U 23185G   26203.45228473  .00638653  20223-3  90950-3 0  9997
2 58468  97.3188 291.4346 0006527 235.4282 124.6384 16.05574715148196
0 KORSAT 7
1 58463U 23185B   26204.32113752  .00001996  00000-0  16024-3 0  9994
2 58463  97.6365 267.9997 0022958 200.4862 159.5444 15.00996104144704
0 UHETSAT
1 58466U 23185E   26204.32315587  .00007815  00000-0  25780-3 0  9992
2 58466  97.3460 271.4713 0013125 174.7154 185.4229 15.31623545146823
0 ION SCV-015
1 58469U 23185H   26204.28969647  .00006794  00000-0  21257-3 0  9992
2 58469  97.5759 293.9084 0008037 340.2656  19.8274 15.33439742146615
0 LEMUR 2 SPECIAL K
1 48273U 21034F   26204.20531502  .00347401  00000-0  19481-2 0  9990
2 48273  97.5611 294.0251 0005995 210.7162 149.3754 15.78328874287345
0 VENUS
1 42901U 17044B   26204.29244840  .00005764  00000-0  31155-3 0  9999
2 42901  97.2710 239.3474 0002249 197.5595 162.5560 15.15052613486422
0 OBJECT AW
1 58300U 23174AW  23342.71698568  .00002993  00000-0  15398-3 0  9999
2 58300  97.4826  55.2084 0009673 285.9785  74.0383 15.17179853  4687
0 LKW-1
1 43034U 17077A   26204.34234243  .00008049  00000-0  33296-3 0  9992
2 43034  97.0983 236.6625 0002495  83.8280 276.3242 15.24199563480206
0 ONEWEB-0639
1 55803U 23029H   26204.19651638  .00000008  00000-0 -12365-4 0  9990
2 55803  87.9182 297.8058 0002847 113.1002 247.0431 13.19723981163652
0 BANE
1 58465U 23185D   26165.11067950  .14997138  25321-5  30011-3 0  9994
2 58465  97.3104 254.5514 0013007 263.1406  96.8417 16.46170839142369
0 FALCONSAT-10
1 58291U 23174AM  26204.18548511  .00004573  00000-0  17008-3 0  9997
2 58291  97.3787 279.8749 0009786  66.7652 293.4617 15.27972880150261
0 QUAKESAT
1 27845U 03031F   26203.75978217  .00000280  00000-0  13817-3 0  9995
2 27845  98.6637 212.1024 0009898  98.8201 261.4099 14.24973700196678
0 PRISMA
1 44072U 19015A   26204.28965449  .00000527  00000-0  70228-4 0  9991
2 44072  97.8626 278.5219 0001334  88.5875 271.5492 14.83651467397401
0 BANE
1 58465U 23185D   26165.11067950  .14997138  25321-5  30011-3 0  9994
2 58465  97.3104 254.5514 0013007 263.1406  96.8417 16.46170839142369
0 RISAT-2BR2
1 46905U 20081A   26203.86221406  .00002764  00000-0  21699-3 0  9996
2 46905  36.8997  12.5020 0012248  87.4561 272.7582 15.01208894312834
0 LEMUR 2 JK0903EM1407
1 58336U 23174CJ  26204.17208384  .00029024  00000-0  45944-3 0  9995
2 58336  97.3918 295.7020 0002930 358.1516   1.9726 15.53393550151317
0 HOTSAT-1
1 56954U 23084Y   26204.29297147  .00005097  00000-0  21855-3 0  9996
2 56954  97.6265 339.2112 0002056 132.3901 227.7510 15.23205195172590
0 AAC-AIS-SAT2
1 56996U 23084BY  26204.33129336  .00002527  00000-0  29037-3 0  9996
2 56996  98.1525 345.0833 0056046 341.7031  18.2165 14.85658502158745
0 MISRSAT-2
1 58497U 23187B   26204.28389600  .00001135  00000-0  14507-3 0  9994
2 58497  97.9263 285.9340 0011598  36.1106 324.0889 14.83320874142396
0 ZHEDA PIXING 1C
1 37167U 10047C   26204.26329506  .00001087  00000-0  11540-3 0  9993
2 37167  97.9807 186.2731 0019217 163.5085 196.6762 14.91050164855806
0 AURA
1 28376U 04026A   26204.13836126  .00000620  00000-0  13515-3 0  9998
2 28376  98.3435 160.8945 0001438  93.8201 266.3164 14.61376240171463
0 AQUA
1 27424U 02022A   26204.18565110  .00000627  00000-0  13450-3 0  9997
2 27424  98.4303 174.1934 0001364 102.1719 315.6143 14.62137104288530
0 SHIELDS 1
1 43850U 18104B   26043.80785543  .11914064 -15394-5  10587-3 0  9997
2 43850  84.9803 217.3496 0008922 267.8516  92.1774 16.51668686400571
0 LEMUR 2 PETERG
1 42841U 17042S   26203.96326377  .00024755  00000-0  72386-3 0  9991
2 42841  97.4004  29.0909 0003919 189.1114 171.0059 15.35258064493920
0 CORVUS BC4
1 43767U 18099K   26204.10885797  .00003728  00000-0  21623-3 0  9990
2 43767  97.4051 246.0394 0006938 227.5321 132.5324 15.12746042417836
0 MOMENTUS-X1
1 44408U 19038Y   26204.10147575  .00057480  00000-0  48334-3 0  9994
2 44408  97.6725 252.8541 0006569 216.2319 143.8498 15.69685588392186
0 DMSP 5D-3 F16 (USA 172)
1 28054U 03048A   26204.31075589 -.00000005  00000-0  20888-4 0  9992
2 28054  98.9887 228.3768 0007897  51.2160   8.9868 14.14485002174596
0 NANOFF B
1 58755U 23185S   26204.24788039  .00003721  00000-0  21716-3 0  9997
2 58755  97.5247 271.2143 0012629 173.2314 186.9089 15.12490951139323
0 FENGYUN 2H
1 43491U 18050A   26204.12897714 -.00000124  00000-0  00000-0 0  9996
2 43491   3.1216  78.6529 0002043 123.8118 223.8394  1.00267358 29796
0 EROS B
1 29079U 06014A   26036.62405139  .40100622  32075-5  68134-2 0  9996
2 29079  97.3469 162.1703 0054655 337.2927  22.5949 16.28449932 99495
0 NANOFF A
1 58810U 23185T   26204.24789741  .00003797  00000-0  22165-3 0  9992
2 58810  97.5245 271.1879 0010300 174.4873 185.6473 15.12496203138491
0 GRUS-1A
1 43890U 18111Q   26204.28741183  .00000889  00000-0  78401-4 0  9993
2 43890  97.4463  69.7920 0008223  41.7827 318.4023 14.98760856413111
0 ZY 1
1 38038U 11079A   26204.33401412  .00000284  00000-0  10770-3 0  9994
2 38038  98.4053 270.8844 0006200 187.9549 297.9255 14.38240215764407
0 GPM
1 39574U 14009C   26204.26639236  .00006175  00000-0  13484-3 0  9995
2 39574  64.9699 187.2337 0010832 264.3467  95.6438 15.45115176703382
0 NINGXIA-1 2
1 44780U 19076B   26204.07986009 -.00000115  00000-0  95548-5 0  9993
2 44780  45.0095  19.8032 0007033 315.7344  44.2927 14.02022327342898
0 GNOMES-3
1 52158U 22033B   26204.14868650  .00001574  00000-0  18976-3 0  9994
2 52158  97.8218 279.8147 0010522 197.7026 162.3824 14.85197873232677
0 ZHEDA PIXING 1B
1 37166U 10047B   26204.26494108  .00000894  00000-0  95267-4 0  9997
2 37166  97.9509 182.7289 0019724 157.2512 202.9584 14.91311134855799
0 ASTROCAST-0101
1 47430U 21006T   26179.81698145  .05040908  23401-5  19512-2 0  9995
2 47430  97.2027 249.7266 0015329 265.1088  94.8453 16.23711460301821
0 THEOS
1 33396U 08049A   26204.25354190 -.00000195  00000-0 -71495-4 0  9995
2 33396  98.5552 260.3624 0001144  94.3672 265.7636 14.20136949923080
0 SHIYAN 3 (SY-3)
1 33433U 08056A   26204.07339661  .00000083  00000-0  48263-4 0  9992
2 33433  98.6059 230.2640 0014226  33.3745 326.8331 14.30812165923935
0 NINGXIA-1 3
1 44781U 19076C   26204.20628300 -.00000084  00000-0  29942-4 0  9995
2 44781  45.0011  17.4072 0010214 313.0087  46.9891 14.02008033342915
0 ZHANGHENG 1
1 43194U 18015C   26204.32663810  .00007703  00000-0  35243-3 0  9996
2 43194  97.6901  10.7077 0016979 138.0060 222.2480 15.20689568470132
0 OBJECT J
1 58925U 24024J   26204.24496306  .00171288  00000-0  69853-3 0  9990
2 58925  97.3087 297.7950 0004034 236.8984 123.1900 15.85688477175407
0 WILDFIRE 5
1 57769U 23133N   26204.32482131 -.00000082  00000-0 -81857-4 0  9999
2 57769  81.0052 333.1227 0005188 269.1920  90.8642 13.85495008146030
0 RISING 2
1 39769U 14029D   26204.33151762  .00005977  00000-0  49969-3 0  9990
2 39769  97.6499 272.1713 0004885 154.3180 205.8286 14.98857071658965
0 YAOGAN 3
1 32289U 07055A   26204.30360260  .00002374  00000-0  24638-3 0  9997
2 32289  97.8148 233.8248 0001522  87.3173 272.8219 14.90904040 11253
0 TIRSAT
1 58989U 24032C   26204.12260122  .00001106  00000-0  18183-3 0  9992
2 58989  97.9948 261.8880 0005689  46.6812 313.4869 14.72536654130376
0 WILDFIRE 3
1 57758U 23133C   26204.32901220  .00000096  00000-0  73403-4 0  9993
2 57758  80.9990 331.2150 0007707 253.8181 106.2128 13.86284394146103
0 METEOR M2-4
1 59051U 24039A   26204.26884061  .00000007  00000-0  22857-4 0  9992
2 59051  98.7031 163.1175 0008190  68.7094 291.4958 14.22432774124399
0 OBJECT Q
1 59065U 24039Q   26204.29960412  .00012276  00000-0  24951-3 0  9992
2 59065  97.4847 186.3808 0008687 358.2583   1.8634 15.46424018134222
0 EXO-0
1 59175U 23174DK  26204.18517868  .00009281  00000-0  27300-3 0  9997
2 59175  97.3804 284.3806 0009895  50.4045 309.8071 15.35262573150564
0 OBJECT U
1 59071U 24039U   26204.29612961  .00004462  00000-0  34527-3 0  9990
2 59071  95.3890 260.1327 0142924 199.8717 159.6909 14.93928751130139
0 OBJECT T
1 59068U 24039T   26204.31949434  .00004101  00000-0  31781-3 0  9996
2 59068  95.3896 260.0996 0142952 199.9378 159.6229 14.93899746130133
0 OBJECT S
1 59067U 24039S   26204.29246084  .00004135  00000-0  32328-3 0  9998
2 59067  95.3886 259.7923 0143932 201.5505 157.9625 14.93468253130100
0 OBJECT R
1 59066U 24039R   26204.28609547  .00003827  00000-0  29799-3 0  9998
2 59066  95.3885 259.8979 0143622 200.9706 158.5594 14.93677692130114
0 OBJECT B
1 58821U 24016B   26204.31872855  .00229669  00000-0  10073-2 0  9997
2 58821  97.4433 304.1107 0006578 243.5836 116.4759 15.83995183139872
0 BNU-1
1 44529U 19059B   26204.35138182  .00000373  00000-0  11204-3 0  9997
2 44529  98.6104 334.1164 0011924 263.2488  96.7348 14.48411495362229
0 SAOCOM 1-A
1 43641U 18076A   26204.25421925 -.00000300  00000-0 -31142-4 0  9994
2 43641  97.8898  30.4792 0001452  87.7710 272.3669 14.82148829421443
0 HODOYOSHI 3
1 40015U 14033F   26203.88708641  .00001005  00000-0  12166-3 0  9991
2 40015  97.6454   5.4994 0031571 235.4440 124.3795 14.85449421652924
0 METHANESAT
1 59101U 24043D   26204.12613994  .00002216  00000-0  19141-3 0  9998
2 59101  97.8503 335.3588 0008430 245.4831 114.5513 14.98260926130031
0 RROCI-2
1 59106U 24043J   26203.34092147  .00001040  00000-0  88332-4 0  9990
2 59106  97.8543 336.4086 0010814 260.6378  99.3622 15.00079730130035
0 BRO-12
1 59108U 24043L   26204.31971369  .00001773  00000-0  15957-3 0  9997
2 59108  97.8526 335.6330 0007057 223.2908 136.7759 14.96913838130048
0 BRO-13
1 59107U 24043K   26204.32946987  .00001239  00000-0  11375-3 0  9992
2 59107  97.8541 335.4722 0007565 231.6433 128.4109 14.96671776130024
0 LIZZIESAT
1 59132U 24043AL  26203.33983618  .00003381  00000-0  12757-3 0  9997
2 59132  97.5677 339.6520 0012120 118.5191 241.7269 15.27693072132305
JACKAL-01 
1 98922C 24043AJ  24064.97064002 -.00029666  00000+0 -15235-2 0    08
2 98922  97.4583 190.2675 0011705 291.9497 116.7363 15.16533473    19
OPTIMUS-2 
1 98924C 24043AG  24064.96912382 -.00022852  00000+0 -11726-2 0    03
2 98924  97.4607 190.2683 0012310 292.6704 107.7367 15.16553289    10
JACKAL-02 
1 98923C 24043AH  24064.96982752 -.00028660  00000+0 -14603-2 0    00
2 98923  97.4581 190.2667 0012208 286.9284 117.3245 15.16802525    19
0 APEX ARIES 1
1 59129U 24043AH  26203.88592184  .00031790  00000-0  43366-3 0  9992
2 59129  97.5508 356.1607 0006176  82.0223 278.1733 15.57428626133472
0 YAM-6
1 59126U 24043AE  26203.65393122  .00008969  00000-0  24428-3 0  9995
2 59126  97.5604 345.7966 0009687 102.3799 257.8530 15.37692602132767
PYXIS 
1 98928C 24043Z   24064.96362498 -.00019857  00000+0 -10212-2 0    04
2 98928  97.4616 190.2622 0012654 293.5426  76.8606 15.16470561    12
ROSE 
1 98927C 24043AB  24064.96436803 -.00012115  00000+0 -62395-3 0    05
2 98927  97.4583 190.2622 0012061 295.1627  79.3014 15.16422602    11
0 SENTRY
1 59140U 24043AU  26083.41189137  .04762685  25479-5  11746-2 0  9996
2 59140  97.5148 239.7250 0008888 280.4836  79.5456 16.29150633115421
0 CONTECSAT-1
1 59117U 24043V   26204.28939052  .00010724  00000-0  29578-3 0  9996
2 59117  97.5684 346.3505 0011543 106.1889 254.0626 15.37226145132790
0 SONATE-2
1 59112U 24043Q   26203.99379151  .00047616  00000-0  55855-3 0  9993
2 59112  97.5559 356.6682 0006405  80.6308 279.5672 15.61343628133471
0 PE2_FLT1 (TYVAK-0261)
1 59105U 24043H   26203.33952074  .00001095  00000-0  99455-4 0  9990
2 59105  97.8422 334.0871 0004655 284.9719  75.0987 14.97352110129911
0 PE2_FLT2 (TYVAK-0262)
1 59104U 24043G   26203.60641617  .00001205  00000-0  10891-3 0  9996
2 59104  97.8437 334.3961 0004774 289.4557  70.6149 14.97365576129956
0 MUSAT2
1 59099U 24043B   26204.13472448  .00007868  00000-0  50168-3 0  9994
2 59099  97.8642 343.6449 0006832 202.1478 157.9456 15.08984290130519
VEERY-0E
1 98913C 24043E   24064.95738192  .00070905  00000+0  35639-2 0    04
2 98913  97.4682 190.2519 0011942 275.7224  60.6004 15.17249766    16
0 OBJECT E
1 56747U 23072E   26204.31175207  .00027873  00000-0  50423-3 0  9997
2 56747  97.5018  54.9555 0003513 178.3408 181.7855 15.49642592175978
0 OBJECT W
1 56866U 23081W   26204.29055045  .00006425  00000-0  25677-3 0  9996
2 56866  97.2877 266.8847 0009165 236.3620 123.6745 15.25421840173536
0 OBSERVER-1A
1 58323U 23174BV  26204.24691642  .00012953  00000-0  33320-3 0  9990
2 58323  97.3931 288.3412 0008233  39.6339 320.5507 15.39354481150755
0 GHOST-4
1 59133U 24043AM  26203.82741718  .00016708  00000-0  36500-3 0  9994
2 59133  97.5642 350.1732 0008875  92.4393 267.7871 15.44225303133032
0 COSMOS 2501 (GLONASS)
1 40315U 14075A   26202.55658060  .00000090  00000-0  00000-0 0  9996
2 40315  63.6189 189.1825 0022596 212.4587 147.4043  2.13101380 90589
0 NAVSTAR 56 (USA 180)
1 28474U 04045A   26203.72416769 -.00000112  00000-0  00000-0 0  9998
2 28474  55.1131 323.4649 0170333 317.2409  59.2092  2.00557577159142
0 NAVSTAR 59 (USA 192)
1 29601U 06052A   26203.81820194  .00000087  00000-0  00000-0 0  9992
2 29601  54.9317 212.5938 0084744  91.0163 269.9892  2.00560215144124
0 LES 5
1 02866U 67066E   26203.99197863 -.00000097  00000-0  00000-0 0  9999
2 02866   2.7039  95.3115 0051367 214.3685  94.1177  1.09425988131426
0 QAEM 100 R/B
1 58818U 24015B   26204.31791936  .00000095  00000-0  58615-4 0  9998
2 58818  64.5043 328.3443 0036923 248.7564 110.9577 14.44312577132127
USA 184
1 29249U 06027A   25061.43605570 0.00000030  00000-0  00000-0 0    01
2 29249  63.5688 295.0503 7092995 274.1647  14.7875  2.00618127    09
0 ICEYE-X38
1 59100U 24043C   26204.29334196  .00005541  00000-0  31652-3 0  9994
2 59100  97.8441 349.0496 0001669 351.7081   8.4121 15.13142333117137
0 ICEYE-X37
1 59102U 24043E   26204.18695424  .00003775  00000-0  26066-3 0  9998
2 59102  97.8354 341.7671 0013927 244.1990 115.7800 15.06334805130501
0 CAS500-1
1 47932U 21022A   26204.26666722  .00006564  00000-0  30652-3 0  9993
2 47932  97.3853  98.7808 0005916 143.7070 216.4567 15.20137168296243
0 ICEYE-X30
1 56947U 23084R   26143.38323289  .14366460  26620-5  36953-3 0  9992
2 56947  97.5435 302.7258 0012790 274.1156  85.8683 16.44816394165060
0 HORACIO
1 59098U 24043A   26204.34324021  .00001279  00000-0  11151-3 0  9998
2 59098  97.8562 336.3653 0009363 261.0099  99.0064 14.98655993130086
0 LEMUR 2 CAEL
1 58903U 24022E   26204.11128747  .00018174  00000-0  42689-3 0  9993
2 58903  97.4063  55.5568 0006274 339.0900  21.0090 15.42056080137872
0 GHOST-5
1 59130U 24043AJ  26204.15731503  .00014581  00000-0  32381-3 0  9999
2 59130  97.5627 350.0128 0008576  92.6358 267.5871 15.43771701133069
0 TABLETSAT AURORA
1 40017U 14033H   26204.28721887  .00007842  00000-0  38814-3 0  9998
2 40017  98.0226 280.5692 0012737  93.2425 267.0264 15.18031205660687
0 SJ-9B
1 38861U 12056B   26202.19547365  .00001174  00000-0  12261-3 0  9990
2 38861  97.6005 185.0707 0016931 100.6251 259.6876 14.91426088744795
0 CENTAURI-6
1 59451U 24066K   26204.02186997  .00005562  00000-0  39122-3 0  9996
2 59451  45.6065  67.3058 0001828 263.8319  96.2357 15.06090324125529
0 AAC-AIS-SAT3
1 58997U 23174DJ  26204.25665249  .00003138  00000-0  37443-3 0  9997
2 58997  97.6226 251.3581 0006407 186.6798 173.4333 14.84924241146508
0 OBJECT G
1 58923U 24024G   26111.61655249  .10152892  24702-5  94718-3 0  9998
2 58923  97.2921 208.5414 0015510 249.5484 110.4149 16.38359028124621
0 HAWK-8A
1 59443U 24066B   26204.02750374  .00001039  00000-0  10247-3 0  9995
2 59443  45.5992  91.3150 0003468 250.1701 109.8806 14.99297562125214
0 KORSAT-1
1 59452U 24066L   26204.10687791  .00003505  00000-0  30883-3 0  9994
2 59452  45.4114  58.1667 0006543 257.9141 102.1004 14.98314913125443
0 WSF-M
1 59481U 24070A   26204.00025844  .00000038  00000-0  38079-4 0  9999
2 59481  98.7175 211.4611 0004081 207.5839 152.5122 14.20742378118184
0 COBE
1 20322U 89089A   26204.00538168  .00000265  00000-0  19028-3 0  9994
2 20322  98.8975 205.4358 0008234 347.7633  34.3844 14.05470729879698
0 ACS 3
1 59588U 24077B   26204.21323010  .00034656  00000-0  23572-1 0  9995
2 59588  97.1779 115.0326 0130614  27.5485 333.2526 13.95762580113062
0 NEONSAT-1
1 59587U 24077A   26204.29398992  .00012227  00000-0  31471-3 0  9992
2 59587  97.3480 288.4115 0006544 256.3672 103.6845 15.39362502125287
0 STRIX-3
1 59224U 24047A   26204.26198420  .00008922  00000-0  41785-3 0  9994
2 59224  97.6641 180.4873 0011154 303.7990  56.2181 15.19907637130220
0 ASNARO
1 40298U 14070A   26204.24455421  .00006592  00000-0  31387-3 0  9993
2 40298  97.3435 279.3864 0004534  69.5565 290.6157 15.19462689649489
0 ICEYE-X25
1 56963U 23084AH  26204.25525058  .00031386  00000-0  34392-3 0  9997
2 56963  97.5914 353.0845 0004718 159.8304 200.3141 15.63202595173600
0 YAOGAN 4
1 33446U 08061A   26204.25891068  .00000876  00000-0  11363-3 0  9996
2 33446  97.9302 137.5044 0013221 318.1017  41.9184 14.83262851951019
0 OBJECT J
1 59781U 24092J   26204.28117656  .00000152  00000-0  73521-4 0  9997
2 59781  98.6735 323.2879 0013334 103.3865 256.8805 14.31859881114068
0 OBJECT H
1 59780U 24092H   26204.28264166  .00000147  00000-0  71524-4 0  9990
2 59780  98.6736 323.2837 0013446 103.2226 257.0458 14.31859379114065
0 OBJECT G
1 59779U 24092G   26204.28277103  .00000125  00000-0  63495-4 0  9997
2 59779  98.6736 323.2916 0013088 101.7498 258.5154 14.31856948114065
0 HAWK-9A
1 59446U 24066E   26204.05117031  .00001172  00000-0  11344-3 0  9995
2 59446  45.6102  91.8504 0003348 238.8775 121.1778 14.99233013125216
0 OBJECT H
1 42832U 17042H   26204.02303736  .00003315  00000-0  21697-3 0  9991
2 42832  97.4206   3.3536 0009627 359.5681   0.5538 15.08384235492342
0 EXCITE
1 43819U 18099BP  26204.07680367  .00001381  00000-0  96911-4 0  9996
2 43819  97.3951 241.4267 0017058 224.5508 135.4349 15.06633486417153
0 SHIJIAN 6 04A (SJ-6 04A)
1 37179U 10051A   26204.34259292  .00009765  00000-0  47614-3 0  9996
2 37179  97.8285 228.7868 0020179 100.7248 259.6258 15.18360316862434
0 HAIYANG 2A
1 37781U 11043A   26204.30866005  .00000098  00000-0  15329-3 0  9997
2 37781  99.3413 206.1486 0001504   5.9400 354.1766 13.73034033751611
0 SCISAT 1
1 27858U 03036A   26204.15093088  .00000524  00000-0  71491-4 0  9997
2 27858  73.9301  99.8879 0006952 165.8729 194.2643 14.81485730236770
0 NEXSAT-1
1 58921U 24024E   26204.31579905  .00006912  00000-0  21249-3 0  9999
2 58921  97.3034 277.9735 0007610 359.8590   0.2649 15.33976591137434
0 SWARM C
1 39453U 13067C   26204.28040163  .00009827  00000-0  17031-3 0  9990
2 39453  87.3304  41.3987 0003269  90.7688 269.3947 15.50722919711809
0 SWARM B
1 39451U 13067A   26204.33455479  .00003288  00000-0  11646-3 0  9995
2 39451  87.7464 331.3375 0002254  92.1283 268.0224 15.28756686688766
0 SWARM A
1 39452U 13067B   26204.21651307  .00009990  00000-0  17317-3 0  9998
2 39452  87.3303  42.8420 0003287  90.2224 269.9413 15.50718876711830
0 OBJECT C
1 59775U 24092C   26204.32279212  .00010805  00000-0  37360-3 0  9998
2 59775  97.6668 336.4002 0009582  64.0748 296.1478 15.30051245121106
0 OBJECT B
1 60089U 24116B   26204.28928838  .00001057  00000-0  11025-3 0  9994
2 60089  28.9950 249.3189 0005344  46.9547 313.1493 14.83609804112961
0 ORBCOMM FM 107
1 40087U 14040B   26203.51237193  .00000222  00000-0  83106-4 0  9990
2 40087  47.0051 285.2508 0001619 282.3181  77.7523 14.58969711639583
0 ORBCOMM FM 109
1 40086U 14040A   26203.50594400  .00000088  00000-0  54798-4 0  9990
2 40086  47.0030 284.4996 0001099 346.5261  13.5595 14.58874903639502
0 ORBCOMM FM 118
1 41183U 15081E   26204.29833009  .00000611  00000-0  16524-3 0  9999
2 41183  47.0026 191.0327 0003284 219.7945 140.2701 14.58912742563007
0 HAMMER
1 59148U 24043BC  26204.28868189  .00023777  00000-0  36370-3 0  9992
2 59148  97.5456 354.8968 0004852  84.1558 276.0248 15.54375136133419
0 OBJECT B
1 59774U 24092B   26204.29367590  .00010258  00000-0  36274-3 0  9995
2 59774  97.6523 334.4112 0009520  62.4781 297.7425 15.29332681121053
0 ICEYE-X36
1 59103U 24043F   26204.30212768  .00003493  00000-0  23582-3 0  9996
2 59103  97.8407 343.0323 0005954 182.6472 177.4724 15.07279422130584
0 LYNK TOWER 1
1 52162U 22033F   26070.14744489  .04219028  24166-5  81675-3 0  9992
2 52162  97.2464 176.1299 0007275 250.4255 109.6255 16.31783425221484
0 TECHEDSAT-11
1 60208U 24125F   26046.49759830  .22159603  22509-5  50511-2 0  9998
2 60208  97.2328 260.3655 0009466 338.6387  21.4511 16.29991395 90512
0 R5-S2
1 60207U 24125E   26204.24118414  .00018396  00000-0  37626-3 0  9992
2 60207  97.2341  56.0626 0017111  98.3603 261.9587 15.46017318114750
0 R5-S4
1 60206U 24125D   26204.25455771  .00015479  00000-0  33870-3 0  9998
2 60206  97.2369  55.2736 0017680  99.3937 260.9311 15.44058072114691
0 R5-S4
1 60206U 24125D   26204.25455771  .00015479  00000-0  33870-3 0  9998
2 60206  97.2369  55.2736 0017680  99.3937 260.9311 15.44058072114691
0 OBJECT A
1 60203U 24125A   26204.09360761  .00098826  00000-0  78700-3 0  9999
2 60203  97.2212  63.6391 0009750  80.7999 279.4366 15.70827230115264
0 OBJECT G
1 60209U 24125G   26204.16282645  .00073659  00000-0  67974-3 0  9995
2 60209  97.2246  62.5650 0010340  87.9151 272.3294 15.67301729115199
0 CATSAT
1 60246U 24125J   26204.10412319  .00078592  00000-0  84981-3 0  9991
2 60246  97.2057  57.1864 0019101  54.9441 305.3606 15.63122964112994
NOSS 3-6 (A)
1 38758U 12048A   26201.87058179 0.00000000  00000-0  00000-0 0    05
2 38758  63.4236 122.9872 0316039 357.8416   2.1584 13.41005482    02
0 GCOM-C
1 43065U 17082A   26204.18119511  .00000088  00000-0  53897-4 0  9999
2 43065  98.6261 277.3467 0001164 101.2322 258.8990 14.27277870447079
0 OBJECT G
1 60241U 24128G   26204.06577475  .00003924  00000-0  26629-3 0  9991
2 60241  61.9902  88.2896 0035386 141.8836 218.4771 15.07715652111720
0 OBJECT C
1 60237U 24128C   26204.12269231  .00003245  00000-0  22788-3 0  9999
2 60237  61.9898  90.1657 0035998 142.3680 217.9942 15.06847809111686
0 ISTSAT-1
1 60238U 24128D   26204.09994626  .00007029  00000-0  41452-3 0  9992
2 60238  61.9882  79.1114 0033658 138.0372 222.3312 15.11993982111890
0 3CAT-4
1 60236U 24128B   26204.17817516  .00001488  00000-0  12627-3 0  9996
2 60236  61.9929 100.2893 0038138 145.9153 214.4399 15.02317160111516
0 OBJECT A
1 60235U 24128A   26204.27592340  .00001789  00000-0  15169-3 0  9999
2 60235  61.9942 105.7020 0045591 144.9813 215.4291 15.01268375111429
0 ROBUSTA-3A
1 60243U 24128J   26204.24656780  .00007578  00000-0  44365-3 0  9996
2 60243  61.9864  80.6868 0036893 135.6649 224.7412 15.12071134111875
0 OBJECT H
1 60242U 24128H   26204.12887364  .00008180  00000-0  46686-3 0  9994
2 60242  61.9787  78.4315 0035369 138.4861 221.8931 15.12949421111893
0 OOV-CUBE
1 60240U 24128F   26204.18460515  .00001732  00000-0  14199-3 0  9993
2 60240  61.9942 100.0399 0040078 141.8645 218.5295 15.02898344111521
0 ARIANE 6 R/B
1 60239U 24128E   26204.13827454  .00000928  00000-0  88687-4 0  9995
2 60239  62.0118 106.6500 0038719 144.6952 215.6715 15.00482656111420
0 ICEYE-X26
1 56961U 23084AF  26151.53340426  .07996038  26164-5  98774-3 0  9990
2 56961  97.5464 315.9673 0014332 270.4834  89.4821 16.35905726166626
0 KINEIS-1D
1 60082U 24114D   26204.16844411  .00000572  00000-0  89642-4 0  9998
2 60082  97.9880 223.9124 0002962  86.1430 274.0119 14.76370144112435
0 ALSAT 2A
1 36798U 10035D   26204.25361338  .00000864  00000-0  13701-3 0  9990
2 36798  97.7647 205.3369 0002127  92.9090 267.2362 14.74530424859075
0 KINEIS-1E
1 60083U 24114E   26204.32559344  .00000987  00000-0  13509-3 0  9993
2 60083  97.8946 227.1750 0004233  93.0471 267.1226 14.80705456112732
0 KINEIS-1B
1 60079U 24114A   26204.34185259  .00000806  00000-0  11177-3 0  9999
2 60079  97.9829 228.3547 0002318  18.7982 341.3315 14.80676632112757
0 PNEO4
1 49070U 21073E   26204.28170904  .00000390  00000-0  56115-4 0  9992
2 49070  97.8935 278.5251 0001378  98.6585 261.4784 14.81673231266713
0 KINEIS-1C
1 60081U 24114C   26204.24032301  .00000725  00000-0  10113-3 0  9999
2 60081  97.9843 228.1108 0002531  84.5740 275.5761 14.80677806112710
0 KINEIS-1A
1 60084U 24114F   26204.29152094  .00000858  00000-0  11828-3 0  9990
2 60084  97.8919 227.2323 0004929  42.2667 317.8925 14.80692305112732
0 ICEYE-X4
1 44390U 19038D   26204.24159209  .00014025  00000-0  48387-3 0  9992
2 44390  97.8751 239.2906 0013682 170.3873 189.7631 15.30017128387314
Ofeq 16
1 45860U 20044A   26192.06578033 0.00002200  00000-0  18339-3 0    09
2 45860 141.0845 341.1901 0010440 109.2332 250.7661 14.97770392    02
0 EINSTEIN PROBE
1 58753U 24007A   26204.11703278  .00003176  00000-0  22488-3 0  9998
2 58753  29.0005 339.7537 0009319 230.8289 129.1482 15.02040054138973
0 JASON 3
1 41240U 16002A   26204.27459270 -.00000041  00000-0  83866-4 0  9991
2 41240  66.0415  49.9651 0008122 270.1211  89.8877 12.87628994491890
0 GOES 16
1 41866U 16071A   26204.28271366 -.00000087  00000-0  00000-0 0  9995
2 41866   0.4238  85.4212 0000744  70.7318 141.9384  1.00271911 35467
0 ALPHASAT (I-4A F4)
1 39215U 13038A   26204.26082247  .00000137  00000-0  00000-0 0  9991
2 39215   2.9996   1.0864 0002615 138.0224 280.6536  1.00271097 44386
0 PNEO3
1 48268U 21034A   26204.24797850  .00001616  00000-0  21197-3 0  9991
2 48268  97.8939 278.4960 0001441 100.5571 259.5804 14.81670310282994
0 ICEYE-X21
1 55049U 23001AS  26175.21618542  .01585954  23968-5  60214-3 0  9995
2 55049  97.3001 262.6152 0012377 285.9702  74.0225 16.24069885194757
0 UFO 11 (USA 174)
1 28117U 03057A   26204.05693675 -.00000106  00000-0  00000-0 0  9997
2 28117   8.9604  33.6278 0002802 106.9843 256.2131  1.00270690 82814
0 FLOCK 4Q 1
1 58270U 23174Q   26173.35000446  .04501227  24635-5  14221-2 0  9998
2 58270  97.3819 269.3494 0017907 276.3246  83.6006 16.25979091146858
0 OBJECT BQ
1 60530U 24149BQ  26204.14618811  .00001875  00000-0  16996-3 0  9993
2 60530  97.6768 278.1422 0001467 109.8040 250.3340 14.96535762105332
0 CONNECTA IOT-3
1 60475U 24149H   26204.17145087  .00003988  00000-0  16853-3 0  9993
2 60475  97.3721 279.6003 0004427 124.1976 235.9681 15.23800597107289
0 NIGHTJAR
1 60535U 24149BV  26204.16917193  .00003592  00000-0  29965-3 0  9993
2 60535  97.6852 280.3732 0002826  80.7230 279.4312 14.99214174148262
CAPELLA-15 (ACADIA-5)
1 98863C 24149CW  24229.89650970 -.00076976  00000+0 -75840-2 0    02
2 98863  97.7459 305.3851 0005951 140.4822 217.9113 14.92163222    10
0 LEMU-NGE
1 60532U 24149BS  26204.19358343  .00001356  00000-0  12896-3 0  9990
2 60532  97.6827 278.4258 0000607 134.3052 225.8219 14.95080338105336
0 SATELIOT_4
1 60537U 24149BX  26204.20520966  .00001655  00000-0  14968-3 0  9993
2 60537  97.6718 278.0066 0000626 255.1577 104.9576 14.96775665105369
GNOMES-5
1 98841C 24149CP  24229.89561965 -.00076748  00000+0 -76177-2 0    04
2 98841  97.7506 305.3839 0004412 139.6930 213.9132 14.91874103    19
0 DEIMOS
1 60526U 24149BL  26203.84078802  .00023058  00000-0  48308-3 0  9993
2 60526  97.3771 290.5388 0006582 146.3457 213.8211 15.45408649107957
0 SATORO-T2
1 60477U 24149K   26061.88553982  .13776444  25362-5  33611-3 0  9993
2 60477  97.3523 155.3904 0011875 278.2121  81.7834 16.45214830 86646
0 LEMUR 2 TOMATOKECHUP
1 60471U 24149D   26204.18932006  .00011667  00000-0  32750-3 0  9992
2 60471  97.3787 286.3428 0003458 108.0349 252.1272 15.36706847107690
0 WARATAH SEED-1
1 60469U 24149B   26204.19328406  .00014243  00000-0  39834-3 0  9996
2 60469  97.3677 284.8203 0003337 105.3223 254.8391 15.36772032107641
0 PTD-R (TYVAK-0127)
1 60523U 24149BH  26166.10956565  .08494645  25249-5  54306-3 0  9992
2 60523  97.3587 267.1148 0014665 263.0313  96.9318 16.40205066103118
0 TOMORROW-S2
1 60485U 24149T   26204.19795138  .00007727  00000-0  24308-3 0  9993
2 60485  97.3806 285.0898 0004385 129.5935 230.5695 15.33227349107605
0 LEMUR 2 STELLA
1 60533U 24149BT  26204.21152092  .00011056  00000-0  63845-3 0  9995
2 60533  97.6726 286.8402 0001481 122.3679 237.7695 15.12495058105948
0 KANYINI
1 60556U 24149CS  26204.20125896  .00046505  00000-0  68031-3 0  9990
2 60556  97.3711 292.1356 0004200 126.6771 233.4870 15.55466272108106
0 ARCTIC WEATHER SATELLITE
1 60543U 24149CD  26204.15383231  .00000331  00000-0  40135-4 0  9992
2 60543  97.6783 273.5880 0002296  31.9601 328.1756 14.89789084104658
HYPERFIELD-1
1 98848C 24149T   24229.82980947  .00002698  00000+0  13191-3 0    08
2 98848  97.4479 305.4175 0007828 143.5281 212.0284 15.18271070    15
0 TYCHE
1 60496U 24149AE  26204.20366815  .00004036  00000-0  16077-3 0  9997
2 60496  97.3737 281.5323 0004454 146.7328 213.4191 15.25789781107399
0 TANAGER-1 4001
1 60507U 24149AR  26203.53766765  .00000262  00000-0  76110-5 0  9996
2 60507  97.2319 297.6298 0003600 123.9157 236.2434 15.43942180108494
0 ORESAT0.5
1 60525U 24149BK  26203.98214983  .00024055  00000-0  48798-3 0  9990
2 60525  97.3713 290.5618 0006663 141.2057 218.9672 15.46344739108002
0 CONNECTA IOT-1
1 60472U 24149E   26204.15037919  .00003846  00000-0  16271-3 0  9999
2 60472  97.3741 279.8370 0003284 125.8867 234.2676 15.23785862107276
0 SATELIOT_3
1 60552U 24149CN  26204.20339591  .00001525  00000-0  13346-3 0  9997
2 60552  97.6801 280.3276 0004246 331.2245  28.8742 14.98179247105475
0 EAGLEEYE
1 60508U 24149AS  26204.20336240  .00155157  00000-0  88155-3 0  9997
2 60508  97.3702 299.7300 0004158 173.5924 186.5397 15.78556291108601
0 PTD-4
1 60565U 24149DB  26204.14995639  .00023587  00000-0  99300-3 0  9991
2 60565  97.6959 293.9100 0001838 239.1289 120.9767 15.23368150106291
UMBRA-09
1 98832C 24149CY  24229.89677706 -.00077083  00000+0 -76165-2 0    05
2 98832  97.7508 305.3853 0005045 144.5390 215.2800 14.92052535    10
UMBRA-10
1 98833C 24149CT  24229.89609535 -.00076749  00000+0 -75306-2 0    05
2 98833  97.7502 305.3845 0006182 149.9416 206.2190 14.92325966    10
CAKRA-1
1 98861C 24149V   24229.83006873 -.00000033  00000+0 -17114-5 0    05
2 98861  97.4431 305.4181 0005199  77.7796 279.2026 15.16596912    15
0 YAM-7
1 60504U 24149AN  26204.17600157  .00007202  00000-0  23364-3 0  9998
2 60504  97.3770 284.2880 0004437 145.9611 214.1916 15.32262504107560
0 SATELIOT_2
1 60534U 24149BU  26204.20165740  .00001434  00000-0  13132-3 0  9992
2 60534  97.6809 278.5006 0001159  83.4967 276.6387 14.96473959105350
0 LEMUR 2 MARHISYAM
1 60536U 24149BW  26204.20559945  .00009615  00000-0  56527-3 0  9992
2 60536  97.6869 287.3188 0002013  55.8862 304.2559 15.11887017105928
0 CONNECTA IOT-4
1 60524U 24149BJ  26204.20432289  .00020142  00000-0  45231-3 0  9998
2 60524  97.3786 289.0316 0006585 149.7946 210.3683 15.43379205107888
0 CUAVA-2
1 60527U 24149BM  26204.16220946  .00013151  00000-0  36652-3 0  9990
2 60527  97.3713 285.7597 0007660 154.0577 206.1053 15.36876858107690
0 TOMORROW-S1
1 60479U 24149M   26204.16842808  .00007712  00000-0  24298-3 0  9992
2 60479  97.3736 284.5366 0004331 114.1972 245.9723 15.33176076107608
0 BRO-15
1 60553U 24149CP  26204.15780789  .00001175  00000-0  10915-3 0  9991
2 60553  97.6790 278.8566 0006955 338.6919  21.4012 14.96233560105381
0 ERNST
1 60528U 24149BN  26204.17532362  .00014417  00000-0  36235-3 0  9993
2 60528  97.3797 288.1853 0006918 153.5255 206.6346 15.40050240107815
GNA-3
1 98828C 24149S   24229.82957104  .00002964  00000+0  14464-3 0    05
2 98828  97.4467 305.4173 0008238 143.0641 211.1930 15.18340742    10
0 ION SCV-012
1 60573U 24149DK  26204.17874317  .00000540  00000-0  54504-4 0  9994
2 60573  97.6764 277.4401 0002597 349.3143  10.8022 14.95003018105298
0 QUBE
1 60476U 24149J   26204.17808677  .00026956  00000-0  50209-3 0  9998
2 60476  97.3765 291.3467 0003326 113.4869 246.6732 15.48812330108037
0 BRO-14
1 60551U 24149CM  26204.17501866  .00000836  00000-0  79103-4 0  9996
2 60551  97.6860 279.3055 0006106 351.4204   8.6912 14.96252866105379
0 HYPSO-2
1 60531U 24149BR  26204.18332042  .00001344  00000-0  11588-3 0  9990
2 60531  97.6821 279.9223 0001223  97.8825 262.2536 14.98955416105443
0 QPS-SAR-8 AMATERU-IV
1 60542U 24149CC  26204.17968122  .00005561  00000-0  40208-3 0  9991
2 60542  97.6638 283.0317 0002741  13.1442 346.9855 15.04444198105681
0 SATELIOT_1
1 60550U 24149CL  26204.16066633  .00002317  00000-0  20016-3 0  9996
2 60550  97.6739 279.4595 0004894 328.0015  32.0910 14.98190726105451
0 CONNECTA IOT-2
1 60522U 24149BG  26204.15839889  .00004091  00000-0  17054-3 0  9994
2 60522  97.3826 281.7628 0006378 182.7895 177.3308 15.24241408107378
0 IPERDRONE.0
1 60520U 24149BE  26204.20262759  .00100997  00000-0  75822-3 0  9993
2 60520  97.3756 299.3414 0003539 150.2191 209.9274 15.72283932108568
0 OBJECT B
1 60013U 24110B   26204.30982953  .00007632  00000-0  32777-3 0  9998
2 60013  97.5727 300.5499 0012294 121.4851 238.7589 15.22913345117689
0 OBJECT D
1 60015U 24110D   26204.31805994  .00004871  00000-0  20087-3 0  9993
2 60015  97.5749 301.9466 0011187 121.9509 238.2817 15.24499134117764
0 ICEYE-X35
1 58302U 23174AY  26204.29649245  .00055988  00000-0  80624-3 0  9998
2 58302  97.3777 289.9531 0006888  80.1918 280.0114 15.55836864150951
0 LEMU-NGE
1 60532U 24149BS  26204.19358343  .00001356  00000-0  12896-3 0  9990
2 60532  97.6827 278.4258 0000607 134.3052 225.8219 14.95080338105336
0 UM5-EOSAT
1 60555U 24149CR  26204.15451418  .00002702  00000-0  21197-3 0  9998
2 60555  97.6777 282.4917 0008724  14.4039 345.7432 15.01765048105619
0 UM5-RIBAT
1 60554U 24149CQ  26204.19993787  .00002093  00000-0  16760-3 0  9994
2 60554  97.6589 281.5100 0000663 235.7052 124.4109 15.01244518105594
0 JASON 2
1 33105U 08032A   26204.08538287 -.00000051  00000-0  42898-4 0  9992
2 33105  66.0421 335.3567 0007893 268.8024 275.4569 12.87695555848328
0 PLEIADES 1B
1 39019U 12068A   26204.30126063  .00000055  00000-0  21644-4 0  9995
2 39019  98.1931 278.8526 0001454  78.5056 281.6307 14.58536890726111
0 OBJECT E
1 59777U 24092E   26204.16320894  .00020032  00000-0  53548-3 0  9994
2 59777  97.6607 338.7214 0006685  33.0019 327.1641 15.38092223121273
0 OBJECT D
1 59776U 24092D   26204.14671177  .00022089  00000-0  58847-3 0  9995
2 59776  97.6609 338.7523 0006597  32.9933 327.1722 15.38176916121274
0 OBJECT K
1 59809U 24092K   26204.15922586  .00019871  00000-0  53574-3 0  9993
2 59809  97.6601 338.5086 0006792  32.8653 327.3012 15.37829611120763
0 OBJECT B
1 59918U 24105B   26204.30812531  .00007780  00000-0  36771-3 0  9990
2 59918  97.5820 219.9089 0014070 116.1472 244.1212 15.19597884118538
0 OBJECT A
1 59917U 24105A   26204.28527671  .00002941  00000-0  15086-3 0  9994
2 59917  97.5837 219.5563 0015187 102.1888 258.1047 15.17252523118508
0 OBJECT A
1 60468U 24149A   26204.18023699  .00008477  00000-0  26465-3 0  9998
2 60468  97.3718 284.0087 0005007  97.3068 262.8743 15.33434067107573
0 LUR-1
1 60506U 24149AQ  26204.20689887  .00006781  00000-0  23229-3 0  9992
2 60506  97.3723 282.7816 0004742 157.2883 202.8568 15.30523802107485
0 OBJECT F
1 59778U 24092F   26204.31606735  .00021110  00000-0  54946-3 0  9994
2 59778  97.6600 339.2468 0006805  31.4297 328.7353 15.38902401121329
0 SEDNA-1
1 60580U 24149DS  26204.18990457  .00006645  00000-0  44237-3 0  9990
2 60580  97.6615 284.5146 0008391 216.4555 143.6103 15.07432812105810
0 SPACEMOBILE-005
1 61046U 24163B   26204.21492986  .00001507  00000-0  82557-4 0  9992
2 61046  52.9740 143.7232 0008301 219.1098 140.9297 15.20624425103243
0 SPACEMOBILE-004
1 61049U 24163E   26204.11393918  .00021285  00000-0  96977-3 0  9994
2 61049  52.9731 143.7101 0005257 250.7696 109.2730 15.20626990103231
0 SPACEMOBILE-003
1 61045U 24163A   26204.03425621  .00002495  00000-0  12678-3 0  9996
2 61045  52.9686 144.5962 0003597 220.2566 139.8162 15.20673687103225
0 SPACEMOBILE-002
1 61048U 24163D   26204.06618635  .00022234  00000-0  10167-2 0  9994
2 61048  52.9773 144.1623 0004784 212.6215 147.4484 15.20478362103225
0 SPACEMOBILE-001
1 61047U 24163C   26204.21320313  .00000420  00000-0  33609-4 0  9994
2 61047  52.9699 143.4348 0006745 217.4420 142.6105 15.20678489103248
0 CHAMRAN-1
1 61072U 24165B   26201.82200837  .00002016  00000-0  12669-3 0  9991
2 61072  64.0750 291.5328 0056538 305.0300  54.5517 15.11312028101742
0 KINEIS-3A
1 61223U 24172D   26204.18771153  .00001512  00000-0  24698-3 0  9998
2 61223  98.0422 293.7938 0001598  23.6910 336.4370 14.72329047 98075
0 PROITERES
1 38756U 12047B   26204.23637881  .00001142  00000-0  14906-3 0  9996
2 38756  98.2332 127.0630 0009526 303.3460  56.6840 14.82560376747658
0 COSMOS 2517 (GEO-IK)
1 41579U 16034A   26204.31219743 -.00000008  00000-0  31412-4 0  9998
2 41579  99.1890 212.4137 0001055  93.9521 266.1756 13.85906383512630
0 ALSAT 1B
1 41785U 16059C   26204.32842589  .00000494  00000-0  85503-4 0  9993
2 41785  97.7766 211.5336 0010767 107.0666 253.1723 14.72299220525897
0 AEROCUBE 16B
1 59291U 24053D   26204.02071293  .00017874  00000-0  38312-3 0  9995
2 59291  49.9903 142.5954 0003043 115.7395 244.3883 15.44763984126724
0 PICO-02H028
1 60570U 24149DG  26034.65741471  .13402933  26327-5  29722-2 0  9992
2 60570  97.6543 132.2173 0012872 299.5702  60.4308 16.30150024 81324
0 PICO-02G027
1 60566U 24149DC  26031.22751986  .13254879  26258-5  28791-2 0  9991
2 60566  97.6610 128.7595 0011638 302.3185  57.6981 16.30422006 80819
0 PICO-02F026
1 60567U 24149DD  26031.90446067  .08775544  25978-5  36338-2 0  9993
2 60567  97.6607 129.8962 0012448 304.2255  55.7855 16.22997613 80917
0 PICO-02A021
1 60538U 24149BY  26204.17376929  .00005354  00000-0  39658-3 0  9991
2 60538  97.6723 282.6986 0004059 246.8016 113.2783 15.03542310105144
0 PICO-02I029
1 60568U 24149DE  26032.89200757  .12298623  26260-5  29726-2 0  9998
2 60568  97.6526 130.3820 0012760 301.4854  58.5192 16.29226916 81058
0 PICO-02C023
1 60564U 24149DA  26044.42348664  .12092122  26305-5  30268-2 0  9995
2 60564  97.6578 142.1406 0012828 296.0281  63.9690 16.28841824 82818
0 ICEYE-X40
1 60549U 24149CK  26204.17221952  .00003771  00000-0  32330-3 0  9999
2 60549  97.6807 280.0905 0003448 340.6815  19.4277 14.98119669105463
0 SHIYAN 2 (SY-2)
1 28479U 04046A   26204.06490787  .00000714  00000-0  13724-3 0  9991
2 28479  98.0582 213.4649 0010436 139.8791 220.3185 14.66566797155060
0 OBJECT BF
1 60521U 24149BF  26202.54104313  .10981040  25523-5  30307-3 0  9998
2 60521  97.3689 301.9473 0013493 271.8896  88.0860 16.44354617108578
0 ALOS-4
1 60182U 24123A   26204.27446557  .00001315  00000-0  18293-3 0  9999
2 60182  97.9221 300.9323 0001568  98.2061 261.9328 14.79476190111210
0 JILIN-01 GAOFEN 2D
1 49256U 21086A   26204.32281034  .00003342  00000-0  20201-3 0  9990
2 49256  97.6507 327.0271 0033414  23.5697 336.7055 15.10910412266176
0 PREFIRE-1
1 59965U 24108A   26204.25034635  .00004814  00000-0  20138-3 0  9995
2 59965  97.5350 359.2072 0012760 113.0881 247.1702 15.24000249118089
0 PREFIRE-2
1 59881U 24099A   26204.11137920  .00003200  00000-0  14592-3 0  9992
2 59881  97.4054  59.7107 0013765  81.4933 278.7862 15.21283980119595
0 POLYTECH UNIVERSE-5
1 61745U 24199L   26204.29739884  .00068494  00000-0  68012-3 0  9993
2 61745  97.2896  83.1743 0007612 123.4968 236.7021 15.65520910143329
0 OBJECT U
1 61753U 24199U   26204.29091793  .00040347  00000-0  54983-3 0  9991
2 61753  97.2925  80.9059 0007926 132.5898 227.6027 15.57391205143179
0 OBJECT S
1 61751U 24199S   26204.28513470  .00008899  00000-0  24468-3 0  9990
2 61751  97.2953  73.4790 0009892 165.6928 194.4599 15.37383764142681
0 OBJECT BE
1 61787U 24199BE  26204.25972006  .00009618  00000-0  26678-3 0  9995
2 61787  97.2966  72.9577 0013509 168.6652 191.4899 15.37042307142638
0 SIT-2086
1 61764U 24199AF  26204.24869375  .00041551  00000-0  60685-3 0  9991
2 61764  97.2882  81.2139 0008694 121.4564 238.7542 15.55500628140032
0 OBJECT AK
1 61768U 24199AK  26204.29444292  .00024226  00000-0  41536-3 0  9991
2 61768  97.2920  79.5486 0007078 142.1463 218.0288 15.51169749139933
0 OBJECT BB
1 61784U 24199BB  26204.25530252  .00057504  00000-0  68749-3 0  9997
2 61784  97.2887  81.0646 0009921 135.9610 224.2440 15.60768481143181
0 RTU MIREA 1
1 61785U 24199BC  26204.25386196  .00074649  00000-0  75141-3 0  9997
2 61785  97.2871  82.1039 0009880 131.8705 228.3400 15.65129549140108
0 VIZARD-ION
1 61749U 24199Q   26204.27424415  .00043034  00000-0  58318-3 0  9997
2 61749  97.2929  81.2983 0008200 127.6315 232.5686 15.57525420143188
0 OBJECT AY
1 61781U 24199AY  26204.25802504  .00007652  00000-0  21896-3 0  9997
2 61781  97.2959  72.6068 0013898 171.2589 188.8900 15.36140283139467
0 OBJECT AL
1 61769U 24199AL  26204.23571430  .00034671  00000-0  49502-3 0  9997
2 61769  97.2884  80.9338 0006267 130.6041 229.5761 15.56175014140020
0 SIT-HSE
1 61763U 24199AE  26204.23891450  .00040571  00000-0  60246-3 0  9992
2 61763  97.2919  81.1394 0006656 130.6414 229.5421 15.55069637143189
0 MSU ALTAIR
1 61779U 24199AW  26204.23684137  .00008545  00000-0  23298-3 0  9992
2 61779  97.2987  73.3569 0012951 167.5700 192.5867 15.37621865142651
0 COLIBRI-S
1 61746U 24199M   26204.25080819  .00024252  00000-0  44644-3 0  9996
2 61746  97.2942  78.4607 0009710 136.5965 223.6053 15.49123800142992
0 OBJECT R
1 61750U 24199R   26204.27249448  .00042440  00000-0  57074-3 0  9998
2 61750  97.2901  80.7433 0008055 136.4895 223.6998 15.57736014143161
0 POLYTECH UNIVERSE-4
1 61747U 24199N   26204.29227970  .00019092  00000-0  38198-3 0  9995
2 61747  97.2953  77.6609 0010196 138.1186 222.0846 15.46760285142940
0 OBJECT AC
1 61761U 24199AC  26204.29179392  .00047454  00000-0  59076-3 0  9996
2 61761  97.2858  81.6710 0007449 125.3337 234.8618 15.59773026143233
0 HYPERVIEW-1G
1 61772U 24199AP  26204.24987941  .00191334  15095-4  68499-3 0  9990
2 61772  97.2767  86.1005 0008499 137.0944 223.0993 15.88756745140370
0 OBJECT V
1 61754U 24199V   26204.25971605  .00061709  00000-0  67481-3 0  9999
2 61754  97.2864  82.3334 0007550 127.0225 233.1726 15.63091926143273
0 OBJECT A
1 60235U 24128A   26204.27592340  .00001789  00000-0  15169-3 0  9999
2 60235  61.9942 105.7020 0045591 144.9813 215.4291 15.01268375111429
0 OBJECT J
1 61743U 24199J   26204.26834113  .00002128  00000-0  18459-3 0  9991
2 61743  97.3216  41.5620 0005343 312.2554  47.8216 14.98034802137396
0 OBJECT T
1 61752U 24199T   26204.26449104  .00001922  00000-0  16804-3 0  9996
2 61752  97.3221  41.4270 0005352 313.4956  46.5822 14.97822844140529
0 OBJECT D
1 61738U 24199D   26204.28612028  .00002534  00000-0  22048-3 0  9996
2 61738  97.3218  41.4029 0004884 312.0078  48.0729 14.97761219137224
0 OBJECT C
1 61737U 24199C   26204.23550671  .00003199  00000-0  27718-3 0  9992
2 61737  97.3232  41.3156 0004907 317.1606  42.9235 14.97751843137214
0 OBJECT BG
1 61789U 24199BG  26204.29729245  .00003114  00000-0  26746-3 0  9997
2 61789  97.3224  41.6871 0004490 327.7836  32.3112 14.98108976137444
0 OBJECT AA
1 61759U 24199AA  26204.24319459  .00002659  00000-0  22920-3 0  9994
2 61759  97.3234  41.5791 0004528 326.6401  33.4536 14.98084506140538
0 OBJECT Z
1 61758U 24199Z   26204.23915244  .00003140  00000-0  26971-3 0  9992
2 61758  97.3231  41.5808 0004389 324.2603  35.8326 14.98108625140538
0 OBJECT E
1 61739U 24199E   26204.27867921  .00002272  00000-0  21090-3 0  9995
2 61739  97.3243  39.6968 0011086 305.5390  54.4798 14.95271163137140
0 OBJECT G
1 61741U 24199G   26204.26859505  .00002028  00000-0  18393-3 0  9997
2 61741  97.3240  40.0155 0011163 305.4454  54.5726 14.96295497137284
0 OBJECT AX
1 61780U 24199AX  26204.25095340  .00062932  00000-0  70288-3 0  9999
2 61780  97.2866  81.3726 0008763 138.3573 221.8354 15.62530629140068
0 OBJECT H
1 61742U 24199H   26204.27616553  .00002266  00000-0  20614-3 0  9996
2 61742  97.3238  39.9961 0010992 305.3487  54.6707 14.96075105137167
0 OBJECT F
1 61740U 24199F   26204.28941235  .00002689  00000-0  24390-3 0  9997
2 61740  97.3242  39.9777 0010893 305.0602  54.9598 14.96050358137312
0 OBJECT BD
1 61786U 24199BD  26204.28223770  .00032638  00000-0  56516-3 0  9996
2 61786  97.2889  78.9131 0009904 146.1417 214.0470 15.50804743139905
0 OBJECT AT
1 61776U 24199AT  26204.28541219  .00067802  00000-0  69525-3 0  9991
2 61776  97.2830  81.9548 0008021 137.1461 223.0426 15.64706765143269
0 OBJECT AB
1 61760U 24199AB  26204.13363132  .00120550  00000-0  85032-3 0  9995
2 61760  97.2846  84.6907 0006899 120.8386 239.3558 15.73674332143411
0 OBJECT AR
1 61774U 24199AR  26204.25143630  .00069021  00000-0  71923-3 0  9991
2 61774  97.2821  81.8317 0008115 137.9888 222.1995 15.64292614140109
0 OBJECT AQ
1 61773U 24199AQ  26204.23880327  .00060089  00000-0  67919-3 0  9994
2 61773  97.2848  81.3151 0008335 136.7527 223.4387 15.62236929140068
0 OBJECT BH
1 61790U 24199BH  26204.24485210  .00002482  00000-0  21437-3 0  9994
2 61790  97.3236  41.5820 0004651 328.4646  31.6299 14.98073550137434
0 OBJECT AV
1 61778U 24199AV  26204.27557758  .00056186  00000-0  66176-3 0  9999
2 61778  97.2836  80.9265 0008363 137.5881 222.6024 15.61182463140043
0 OBJECT W
1 61755U 24199W   26203.95273674  .00151312  00000-0  98044-3 0  9996
2 61755  97.2825  84.8566 0007121 122.0599 238.1358 15.75558182143415
0 OBJECT X
1 61756U 24199X   26204.27491470  .00117555  00000-0  83027-3 0  9995
2 61756  97.2828  85.1769 0006410 149.9693 210.1940 15.73657104143465
0 OBJECT P
1 61748U 24199P   26204.21549932  .00125284  00000-0  84547-3 0  9993
2 61748  97.2808  84.9147 0007232 123.9572 236.2382 15.74690333143441
0 OBJECT BF
1 61788U 24199BF  26204.28554145  .00057515  00000-0  66851-3 0  9995
2 61788  97.2834  81.0340 0008312 137.6881 222.5019 15.61522485140037
0 OBJECT AN
1 61771U 24199AN  26204.28242905  .00055313  00000-0  64812-3 0  9994
2 61771  97.2867  81.1194 0008788 140.7154 219.4743 15.61316588140054
0 LYNK TOWER 5
1 59121U 24043Z   26203.81793006  .00006124  00000-0  20628-3 0  9992
2 59121  97.5675 342.0060 0012398 119.1965 241.0517 15.31068140132497
0 SAOCOM 1-B
1 46265U 20059A   26204.28542659  .00000701  00000-0  94570-4 0  9991
2 46265  97.8904  29.6066 0001533  86.6038 273.5351 14.82148296318838
0 OBJECT E
1 61231U 24173E   26204.32268477  .00001498  00000-0  74581-4 0  9994
2 61231  97.4109 275.8179 0001979  87.0976 273.0485 15.19117848101249
0 IONOSFERA-M 01
1 61735U 24199A   26204.27091244  .00000026  00000-0  30991-4 0  9994
2 61735  98.7124  77.0541 0002022  61.6628 298.4754 14.22760275132836
0 IONOSFERA-M 02
1 61736U 24199B   26204.23479783  .00000025  00000-0  30839-4 0  9999
2 61736  98.7123  76.9287 0000829 131.2524 228.8725 14.22763549135951
0 OBJECT AU
1 61777U 24199AU  26204.29247728  .00018991  00000-0  37897-3 0  9993
2 61777  97.2942  77.0659 0015904 139.9375 220.3051 15.46754710139762
0 OBJECT AS
1 61775U 24199AS  26204.29380729  .00016724  00000-0  35005-3 0  9991
2 61775  97.2941  76.7660 0015697 141.4338 218.8036 15.45389249139746
0 OBJECT K
1 61744U 24199K   26204.26054395  .00034081  00000-0  52980-3 0  9998
2 61744  97.2902  80.0584 0009273 134.1992 226.0025 15.53819141139961
0 OBJECT A
1 60745U 24153A   26204.32844312  .00032304  00000-0  55137-3 0  9994
2 60745  97.6763 348.3912 0004170 344.0107  16.1012 15.51263466105706
0 LEMUR 2 SIERRINI
1 60579U 24149DR  26204.16967716  .00012096  00000-0  71457-3 0  9999
2 60579  97.6834 286.9364 0006033  69.5119 290.6758 15.11635996105893
0 LEMUR 2 LLOYD
1 60577U 24149DP  26204.16800553  .00010964  00000-0  68074-3 0  9995
2 60577  97.6738 285.3299 0004085  50.4202 309.7387 15.09860548105824
0 OBJECT C
1 57582U 23117C   26204.32120244  .00026588  00000-0  62137-3 0  9994
2 57582  97.4053 285.8563 0007851 109.7230 250.4865 15.42119593164132
0 PROTOSAT-1
1 61793U 24201B   26054.82519766  .00032486  00000-0  11844-2 0  9999
2 61793  43.0012 257.7765 0001473 278.2072  81.8612 15.27591600 72764
0 JILIN-01 GAOFEN 2F
1 49338U 21097A   26204.26775678  .00003348  00000-0  22087-3 0  9998
2 49338  97.6734 330.3911 0020238 103.9691 256.3789 15.07992436261756
0 SUPERVIEW NEO-1 02
1 52322U 22043C   26204.26632692  .00005173  00000-0  26695-3 0  9992
2 52322  97.3386 275.9046 0002148 154.0138 206.1204 15.16749031235048
0 ICEYE-X34
1 58294U 23174AQ  26204.21305870  .00196554  00000-0  13845-2 0  9998
2 58294  97.3842 297.3522 0002484 228.8045 131.3006 15.73512116151395
0 KINEIS-3B
1 61224U 24172E   26204.17041330  .00001500  00000-0  24514-3 0  9999
2 61224  98.0417 293.7983 0001001   5.4882 354.6336 14.72315122 98641
0 KINEIS-3C
1 61220U 24172A   26204.16022022  .00001552  00000-0  25338-3 0  9993
2 61220  98.0431 293.6777 0002388  69.6831 290.4633 14.72309449 98369
0 KINEIS-3D
1 61221U 24172B   26204.22147016  .00000994  00000-0  16506-3 0  9998
2 61221  98.0427 293.7495 0002369  63.8083 296.3367 14.72304907 98652
0 KINEIS-3E
1 61222U 24172C   26204.20444360  .00001510  00000-0  24683-3 0  9999
2 61222  98.0425 293.7121 0001609  84.0060 276.1330 14.72295764 98659
0 HONGHU 2
1 58555U 23193C   26204.27260192  .00027439  00000-0  60163-3 0  9993
2 58555  97.2817 194.2862 0043273 142.9083 217.5169 15.43028178107550
0 KINEIS-5E
1 62083U 24219C   26204.25995926  .00000590  00000-0  10090-3 0  9995
2 62083  97.9033   2.2071 0007319 141.5108 218.6623 14.72306676 89078
0 KINEIS-5C
1 62081U 24219A   26204.28348972  .00000633  00000-0  10768-3 0  9999
2 62081  97.9076   2.1402 0004763 150.6082 209.5395 14.72322633 89067
0 CROCUBE
1 62394U 24247T   26203.94787493  .00048107  00000-0  81915-3 0  9994
2 62394  44.9710  57.6351 0008728 220.4792 139.5451 15.50668241 88898
0 LASARSAT
1 62391U 24247Q   26203.67494438  .00037711  00000-0  69745-3 0  9991
2 62391  44.9745  62.4735 0008603 212.5816 147.4545 15.48423365 88811
0 DJIBOUTI-1B
1 62402U 24247AB  26203.90156308  .00082504  00000-0  99793-3 0  9997
2 62402  44.9701  39.6223 0008663 227.8112 132.2048 15.59748354 89101
0 CTC-0
1 62401U 24247AA  26204.00921830  .00022512  00000-0  54648-3 0  9991
2 62401  44.9726  70.7120 0005781 160.5228 199.5881 15.40679156 88741
0 LIZZIESAT-2
1 62383U 24247G   26203.96110424  .00008811  00000-0  30447-3 0  9990
2 62383  44.9929  95.4428 0000834  89.3491 270.7489 15.30329785 88457
0 GITAI-SC1
1 62388U 24247M   26204.15978863  .00005598  00000-0  25502-3 0  9991
2 62388  45.0017 117.0750 0000687 232.9795 127.1023 15.21680300 88216
0 XCUBE-1
1 62400U 24247Z   26204.10781970  .00009187  00000-0  31951-3 0  9995
2 62400  44.9957  95.6561 0002186  66.7256 293.3858 15.30075150 88464
PLEIADES-ORPHEUS
1 98724C 24248D   24356.55167141  .00080857  00000+0  38463-2 0    06
2 98724  44.9996   0.5278 0003834  18.1359 115.7653 15.18415623    15
ONDOSAT-OWL-3
1 98723C 24248B   24356.55128947  .00076199  00000+0  36280-2 0    05
2 98723  45.0051   0.5218 0002526   5.6654 126.1680 15.18390130    19
ONDOSAT-OWL-4
1 98722C 24248B   24356.55128947  .00076199  00000+0  36280-2 0    04
2 98722  45.0051   0.5218 0002526   5.6654 126.1680 15.18390130    18
ONDOSAT-OWL-6
1 98720C 24248B   24356.55128947  .00076199  00000+0  36280-2 0    02
2 98720  45.0051   0.5218 0002526   5.6654 126.1680 15.18390130    16
ONDOSAT-OWL-7
1 98719C 24248B   24356.55128947  .00076199  00000+0  36280-2 0    00
2 98719  45.0051   0.5218 0002526   5.6654 126.1680 15.18390130    14
ONDOSAT-OWL-5
1 98721C 24248B   24356.55128947  .00076199  00000+0  36280-2 0    03
2 98721  45.0051   0.5218 0002526   5.6654 126.1680 15.18390130    17
ONDOSAT-OWL-8
1 98718C 24248B   24356.55128947  .00076199  00000+0  36280-2 0    09
2 98718  45.0051   0.5218 0002526   5.6654 126.1680 15.18390130    13
ONDOSAT-OWL-9
1 98717C 24248B   24356.55128947  .00076199  00000+0  36280-2 0    08
2 98717  45.0051   0.5218 0002526   5.6654 126.1680 15.18390130    12
0 OBJECT J
1 62385U 24247J   26204.28666322  .00052107  00000-0  77854-3 0  9991
2 62385  45.0002  47.1022 0007010 200.4462 159.6152 15.54282788 89061
ONDOSAT-OWL-10
1 98716C 24248B   24356.55128947  .00076199  00000+0  36280-2 0    07
2 98716  45.0051   0.5218 0002526   5.6654 126.1680 15.18390130    11
ONDOSAT-OWL-12
1 98714C 24248H   24356.55243530  .00075084  00000+0  37160-2 0    01
2 98714  45.0011   0.5205 0005283 101.7631  36.3233 15.17035563    18
0 TANSTAAFL-2
1 62378U 24247B   26204.06225236  .00007616  00000-0  26558-3 0  9994
2 62378  44.9870  95.9759 0000830 173.1047 186.9849 15.30211007 88458
0 WREN-1
1 60478U 24149L   26204.20919168  .00022685  00000-0  51771-3 0  9992
2 60478  97.3751 288.7330 0005763 128.9468 231.2294 15.42877605107870
0 KINEIS-5A
1 62084U 24219D   26204.23830645  .00002401  00000-0  38759-3 0  9995
2 62084  97.8975   2.4599 0004430 173.6989 186.4275 14.72294175 89079
0 FLOCK 4Q 25
1 58303U 23174AZ  26175.56425065  .05358312  24493-5  15889-2 0  9997
2 58303  97.3556 271.9367 0015569 274.8178  85.1337 16.26827539147260
0 NOVASAR 1
1 43619U 18071B   26204.30060479 -.00000037  00000-0  15335-5 0  9996
2 43619  97.5016  75.1310 0001170  65.9459 294.1885 14.96266870428333
0 OBJECT J
1 44887U 19093J   26204.25063512  .00001745  00000-0  17612-3 0  9998
2 44887  97.7907 288.2861 0011428 319.3108  40.7256 14.92330005357363
0 OBJECT A
1 56731U 23069A   26204.34692731  .00011536  00000-0  26874-3 0  9997
2 56731  40.9959 322.2821 0006316 199.5293 160.5290 15.42073071178632
0 HELIOS 2A
1 28492U 04049A   26204.25653472  .00000956  00000-0  76363-4 0  9999
2 28492  98.2527 260.2995 0002482 176.4760 183.6481 15.02893671159187
0 SDX02
1 62460U 24253B   26204.27755494  .00090407  00000-0  57940-3 0  9999
2 62460  54.9928 176.8161 0005878  35.7940 324.3498 15.75587756 88200
0 OBJECT G
1 62615U 25009G   26204.14692677  .00006325  00000-0  24737-3 0  9994
2 62615  97.3929 283.7218 0006044 185.6837 174.4334 15.26175436 84282
0 SCOT-1 (SCOT)
1 62617U 25009J   26204.21222279  .00083980  00000-0  10846-2 0  9998
2 62617  97.3836 293.3035 0005439 168.4068 191.7314 15.58670755 84950
0 SIGI
1 62632U 25009Z   26204.22292376  .00005899  00000-0  23942-3 0  9996
2 62632  97.3992 283.9905 0003831 157.7673 202.3732 15.24972645 84294
AE1C
1 98698C 25009AC  25014.83766502 -.00021035  00000+0 -10542-2 0    04
2 98698  97.4475  97.5422 0001817 346.3714   4.2416 15.17445628    13
0 CENTAURI-8
1 62714U 25009DK  26204.16276946  .00003426  00000-0  29541-3 0  9990
2 62714  97.7029 283.7987 0002649  74.0730 286.0784 14.97960864 82865
0 TROLL
1 62658U 25009BB  26204.17132582  .00009825  00000-0  33333-3 0  9998
2 62658  97.3881 285.8492 0001195 154.1579 205.9722 15.30722757138953
0 FIREFLY-1
1 62701U 25009CW  26204.22401976  .00001298  00000-0  13105-3 0  9990
2 62701  97.7055 281.6049 0003261 190.8564 169.2586 14.92754314 82698
0 IRIS-F2
1 62684U 25009CD  26204.17349077  .00015949  00000-0  59385-3 0  9995
2 62684  97.3876 283.5988 0005082 204.1288 155.9714 15.27545763141958
0 CONNECTA IOT-6
1 62709U 25009DE  26204.15509132  .00001124  00000-0  10992-3 0  9992
2 62709  97.7016 281.8391 0002352  57.1864 302.9582 14.94276807 82738
0 OBJECT AZ
1 62656U 25009AZ  26204.16006354  .00013542  00000-0  41632-3 0  9994
2 62656  97.3931 287.2633 0001991 148.8360 211.3001 15.33807539 84532
0 ANSER-LS
1 62644U 25009AM  26204.28811594  .00124834  00000-0  20969-2 0  9990
2 62644  97.3992 291.8434 0003914 174.7856 185.3438 15.51321238 84790
0 EDISON-1
1 62610U 25009B   26204.17750260  .00013712  00000-0  44046-3 0  9998
2 62610  97.3991 286.6577 0006054 165.5286 194.6130 15.32387315 84468
0 ION SCV-016
1 62628U 25009V   26204.07316724  .00022145  00000-0  46595-3 0  9990
2 62628  97.4276 238.2558 0580880 352.7454   6.5596 14.52709864 80750
0 FIREFLY-3
1 62710U 25009DF  26204.24674695  .00001078  00000-0  10957-3 0  9990
2 62710  97.7046 281.6566 0004390  54.1677 305.9950 14.92814288 82717
MBZ-SAT
1 98674C 25009CG  25014.85335368 -.00028416  00000+0 -14374-2 0    09
2 98674  97.4449  97.5567 0004302 350.8244  85.4133 15.17118511    13
0 CONNECTA IOT-5
1 62703U 25009CY  26204.17811534  .00000965  00000-0  95302-4 0  9991
2 62703  97.7016 282.0876 0001230 339.7154  20.4017 14.94225053 82741
0 PAUSAT-1
1 62653U 25009AW  26204.23209948  .00003997  00000-0  16893-3 0  9997
2 62653  97.3942 283.3701 0002162 143.0344 217.1043 15.23805957 84276
0 FOSSASAT2E19 (TAT-E)
1 62676U 25009BV  26203.95809121  .00002256  00000-0  10389-3 0  9990
2 62676  97.3951 281.5989 0004627 194.5309 165.5795 15.21308197 84136
0 GESAT GEN 1
1 62612U 25009D   26204.21481640  .00008339  00000-0  29756-3 0  9998
2 62612  97.4008 286.0638 0002040 115.5264 244.6187 15.29129900 84428
FGN-100-D1
1 98687C 25009AY  25014.84044280 -.00019460  00000+0 -99700-3 0    08
2 98687  97.4431  97.5453 0005248   2.3104   3.4723 15.16661346    19
0 IRIDE-MS2-HEO-1
1 62697U 25009CS  26204.24884326  .00001531  00000-0  14699-3 0  9999
2 62697  97.7032 281.8849 0001157 206.7677 153.3484 14.94514553 82727
0 CENTAURI-7
1 62708U 25009DD  26204.20063409  .00002392  00000-0  20756-3 0  9996
2 62708  97.7081 284.0218 0002140  93.4420 266.7047 14.98002211 82854
0 CONNECTA IOT-8
1 62695U 25009CQ  26204.15639655  .00000996  00000-0  10053-3 0  9994
2 62695  97.7066 281.2917 0001679 210.8963 149.2158 14.93257267 82665
HCT-SAT1
1 98704C 25009F   25014.83534905  .00068746  00000+0  35684-2 0    04
2 98704  97.4375  97.5434 0007807 358.9793 339.0183 15.16156833    10
0 FOSSASAT2E18 (TAT-A)
1 62686U 25009CF  26204.17980984  .00002375  00000-0  10956-3 0  9995
2 62686  97.3961 281.8788 0005500 194.8118 165.2957 15.21205601 84166
0 ION SCV-014
1 62630U 25009X   26204.14056173  .00001624  00000-0  11763-3 0  9998
2 62630  97.4843 276.2236 0005362  34.8724 325.2854 15.05330777 83396
0 FLOCK 4G 24
1 62637U 25009AE  26204.17370087  .00010824  00000-0  36957-3 0  9995
2 62637  97.4013 286.3309 0004275 144.7957 215.3567 15.30483228 84430
0 SKYBEE-A01
1 62671U 25009BQ  26204.26659310  .00002339  00000-0  10810-3 0  9994
2 62671  97.3974 282.2132 0004893 188.8568 171.2582 15.21158764141823
TES-22
1 98666C 25009L   25014.83574604 -.00010467  00000+0 -52001-3 0    03
2 98666  97.4423  97.5417 0001532  57.4927 282.6581 15.17748918    18
FUSION-1
1 98681C 25009BJ  25014.84271711 -.00020443  00000+0 -10190-2 0    01
2 98681  97.4418  97.5469 0001296 323.0292  55.1664 15.17636624    15
0 INNOCUBE (TUBSAT-31)
1 62616U 25009H   26204.20008222  .00007273  00000-0  27753-3 0  9993
2 62616  97.3889 283.8233 0005668 188.8530 171.2610 15.26948070 84310
0 BRO-16
1 62654U 25009AX  26204.25540729  .00003419  00000-0  14339-3 0  9997
2 62654  97.4046 284.2986 0002767 137.5387 222.6065 15.24168499 84295
0 IMPULSE-2 MIRA
1 62673U 25009BS  26204.25002315 -.00014985  00000-0 -65413-3 0  9993
2 62673  97.4200 277.4517 0004292  51.0081 116.7317 15.22047137  2575
0 FIREFLY-2
1 62704U 25009CZ  26204.26897612  .00000815  00000-0  84262-4 0  9990
2 62704  97.7012 281.4142 0005699 334.7168  25.3772 14.92748023 82703
0 CONNECTA IOT-7
1 62715U 25009DL  26204.19814207  .00000444  00000-0  46666-4 0  9997
2 62715  97.7070 282.2971 0002797  84.9043 275.2496 14.94239826 82729
0 ELEVATION-1
1 62677U 25009BW  26204.18253789  .00030976  00000-0  68521-3 0  9991
2 62677  97.3809 289.8683 0004914 169.5495 190.5856 15.43752510142371
0 IRIS-F3
1 62619U 25009L   26204.15635681  .00011909  00000-0  44504-3 0  9999
2 62619  97.4036 284.7247 0006362 180.7775 179.3455 15.27488130 84310
AE1D
1 98699C 25009BE  25014.84167544 -.00009434  00000+0 -48873-3 0    05
2 98699  97.4431  97.5464 0006959   6.4598   6.0504 15.16257108    19
0 RAY 1.0
1 62627U 25009U   26204.14269297  .00002990  00000-0  13811-3 0  9990
2 62627  97.3975 281.8216 0009748 142.3643 217.8276 15.20923866 84146
0 LIME
1 62648U 25009AR  26204.16628278  .00011262  00000-0  37206-3 0  9999
2 62648  97.3939 286.3452 0001878 161.7188 198.4121 15.31546928 84477
0 BALKAN-1
1 62611U 25009C   26204.16269636  .00007164  00000-0  28600-3 0  9992
2 62611  97.3906 282.9561 0006367 192.9305 167.1771 15.25439926 84240
WINNEBAGO-2
1 98664C 25009BW  25014.84558632 -.00017803  00000+0 -90784-3 0    06
2 98664  97.4430  97.5496 0004319   4.1608  29.6918 15.16831206    17
0 ICEYE-X33
1 60548U 24149CJ  26203.16998232  .00003550  00000-0  28336-3 0  9994
2 60548  97.7381 282.1399 0001845  65.2412 294.9003 15.00927945105456
0 SATGUS
1 62713U 25009DJ  26204.18578578  .00007854  00000-0  60978-3 0  9995
2 62713  97.6857 285.2050 0004695  13.6130 346.5220 15.01603258 82961
0 ORBASTRO-PC-1
1 58258U 23174C   26204.29450116  .00027841  00000-0  49077-3 0  9999
2 58258  97.3763 291.1560 0006093  50.2787 309.9000 15.50365464151069
0 LEMUR 2 ROCINANTE
1 59147U 24043BB  26024.87567953  .04062886  24694-5  25479-2 0  9996
2 59147  97.4905 173.6716 0011273 298.4507  61.5644 16.17664757106061
0 CENTISPACE-1 S12
1 62581U 25007G   26204.29972957 -.00000085  00000-0  52534-4 0  9997
2 62581  54.9757 165.0795 0014466 191.9466 168.1149 13.80614675 79727
0 CENTISPACE-1 S7
1 62576U 25007B   26204.29277656 -.00000076  00000-0  61546-4 0  9998
2 62576  54.9751 165.7157 0013540 130.5448 229.6689 13.80616128 79700
POQUITO
1 98706U 25009BY  25021.90669764  .00000000  00000-0 -14212-2 0    09
2 98706  97.4429 104.2661 0003354 352.9277  63.3351 15.17186318    09
PROMETHEUS-1
1 98705U 25009BY  25021.90669764  .00000000  00000-0 -14212-2 0    08
2 98705  97.4429 104.2661 0003354 352.9277  63.3351 15.17186318    08
Sedna-2
1 98661U 25009BY  25021.90669764  .00000000  00000-0 -14212-2 0    09
2 98661  97.4429 104.2661 0003354 352.9277  63.3351 15.17186318    09
SKYLINK-1
1 98657U 25009BY  25021.90669764  .00000000  00000-0 -14212-2 0    04
2 98657  97.4429 104.2661 0003354 352.9277  63.3351 15.17186318    04
SKYLINK-2
1 98656U 25000XX  25023.57810304  .00004178  00000-0 -29254-4 0  9998
2 98656  97.4594 106.1273 0002517 218.8660 320.9107 15.16419471 59106
0 CENTISPACE-1 S9
1 62578U 25007D   26204.23484706 -.00000082  00000-0  55532-4 0  9995
2 62578  54.9811 166.2393 0012173 138.9183 221.2692 13.80615236 79695
0 CENTISPACE-1 S10
1 62579U 25007E   26204.25637295 -.00000065  00000-0  71853-4 0  9996
2 62579  54.9876 165.3596 0011521 156.2972 203.8517 13.80616578 79712
0 CENTISPACE-1 S13
1 62582U 25007H   26204.28534827 -.00000073  00000-0  64496-4 0  9994
2 62582  54.9795 165.2526 0011604 147.5749 212.5923 13.80618396 79713
0 CENTISPACE-1 S16
1 62585U 25007L   26204.24157500  .00000045  00000-0  17564-3 0  9993
2 62585  54.9869 165.2229 0012479 151.3725 208.7919 13.80630161 79699
Unknown 99695
1 99695U 22795A   24210.87969498 0.00002750  00000-0  31027-3 0    05
2 99695  98.3105  77.0130 0010041  92.1123 267.8876 14.86599274    07
0 CENTISPACE-1 S1
1 43636U 18075A   26204.22603913  .00000441  00000-0  10078-3 0  9991
2 43636  97.8722 226.1895 0008854  17.5169 342.6336 14.60027082415812
0 HAIYANG 4A
1 61936U 24208A   26204.25581301  .00000438  00000-0  75416-4 0  9992
2 61936  98.0041 211.5198 0002228  75.3464 284.7991 14.73288050 90758
0 SDX01
1 62459U 24253A   26204.27647053  .00089389  00000-0  57159-3 0  9997
2 62459  54.9920 176.8053 0005932  36.7438 323.4012 15.75643319 88215
0 OTTER
1 62623U 25009Q   26204.17221932  .00009825  00000-0  33589-3 0  9991
2 62623  97.4018 286.2050 0005299 164.9459 195.1940 15.30467062 84427
0 BLUEBON
1 62688U 25009CH  26204.19584103  .00008191  00000-0  27385-3 0  9998
2 62688  97.3977 287.1908 0002063 147.6533 212.4835 15.31254813 84481
0 FOSSASAT2E20 (TAT-O)
1 63003U 25009DN  26204.25463133  .00013349  00000-0  45411-3 0  9997
2 63003  97.3152 279.5885 0003385 170.6644 189.4661 15.30550149142029
0 BRO-16
1 62654U 25009AX  26204.25540729  .00003419  00000-0  14339-3 0  9997
2 62654  97.4046 284.2986 0002767 137.5387 222.6065 15.24168499 84295
0 TOMORROW-S3
1 62392U 24247R   26204.09592670  .00006923  00000-0  24757-3 0  9991
2 62392  45.0019  96.5645 0002651 196.1636 163.9164 15.29516480 88450
0 ICEYE-X47
1 62389U 24247N   26204.25082665  .00002029  00000-0  12549-3 0  9992
2 62389  44.9965 164.3423 0000627  54.8235 305.2701 15.13512953 87640
0 TOMORROW-S4
1 62386U 24247K   26204.06125100  .00006189  00000-0  22226-3 0  9994
2 62386  44.9813  96.6524 0004391 243.7641 116.2791 15.29541779 88443
0 ICEYE-X49
1 62384U 24247H   26204.27519071  .00003672  00000-0  21576-3 0  9990
2 62384  44.9969 164.6226 0000646 185.0567 175.0304 15.13496291 87647
0 HAWK-11A
1 62382U 24247F   26204.06659518  .00007168  00000-0  24652-3 0  9998
2 62382  44.9942  91.6590 0002522  64.1680 295.9464 15.30743368 88501
0 HAWK-11C
1 62381U 24247E   26203.93597801  .00006729  00000-0  23208-3 0  9996
2 62381  45.0047  93.0543 0003077  63.0682 297.0516 15.30743194 88483
0 HAWK-11B
1 62379U 24247C   26204.06693637  .00005876  00000-0  20397-3 0  9990
2 62379  45.0157  93.0139 0002306  82.7907 277.3240 15.30743655 88505
0 GLOBAL-31
1 63027U 25033B   26204.18517107  .00013215  00000-0  35255-3 0  9990
2 63027  58.9971 170.6973 0012723  60.8530 299.3818 15.38441750 79867
0 ICEYE-X43
1 60539U 24149BZ  26204.19102208  .00000960  00000-0  82407-4 0  9990
2 60539  97.6773 280.6715 0006404 310.7752  49.2915 14.99783035105513
0 ICEYE-X7
1 46496U 20068L   26204.26383105  .00012001  00000-0  38795-3 0  9996
2 46496  97.7511 172.4531 0007010 181.9364 178.1851 15.32223669320313
0 SJ-20
1 44910U 19097A   26201.84103699  .00000132  00000-0  00000+0 0  9990
2 44910   5.0023  74.6500 0015580  57.9055 153.5938  1.00272475 24033
0 KORSAT-2
1 62377U 24247A   26204.12262120  .00001966  00000-0  17947-3 0  9997
2 62377  45.4104 241.5283 0001696  20.0052 340.0893 14.98762775 86952
0 EZIE-A
1 63247U 25052AP  26204.19637087  .00003338  00000-0  29053-3 0  9990
2 63247  97.6867  95.7826 0005196  79.8030 280.3778 14.97597665 74052
0 EZIE-B
1 63250U 25052AS  26204.18810562  .00004893  00000-0  42489-3 0  9999
2 63250  97.6869  95.8333 0005853  76.4126 283.7748 14.97464718 74057
0 EZIE-C
1 63249U 25052AR  26204.12527927  .00004182  00000-0  36336-3 0  9996
2 63249  97.6844  95.5931 0005289  89.0047 271.1781 14.97531615 74042
0 SOAP
1 63263U 25052BF  26204.25659949  .00003319  00000-0  29369-3 0  9995
2 63263  97.6821  95.9458 0001762 151.4509 208.6810 14.96959388 74082
0 DROID.002
1 63223U 25052P   26204.20687285  .00005433  00000-0  23348-3 0  9990
2 63223  97.3888  96.4976 0004756  35.0655 325.0894 15.23070550 75357
FIRESAT0
1 98629C 25052AV  25074.37845660 -.00064114  00000+0 -63976-2 0    08
2 98629  97.7513 329.5442 0001490 243.0693  67.3673 14.91664457    18
0 ARVAKER-1
1 63252U 25052AU  26204.16709498  .00001923  00000-0  18249-3 0  9992
2 63252  97.6830  94.6222 0004137  94.3334 265.8359 14.94682732 73980
0 IOD1_STARTICAL
1 63212U 25052C   26204.18527912  .00090332  00000-0  11973-2 0  9997
2 63212  97.3762 107.0588 0003104 110.7329 249.4259 15.57964253 76083
0 AEROCUBE 18B
1 63222U 25052N   26203.69908346  .00006324  00000-0  25835-3 0  9998
2 63222  97.3927  96.6989 0005031  28.0097 332.1411 15.24720050 75302
0 AEROCUBE 18A
1 63220U 25052L   26204.19107505  .00005998  00000-0  24447-3 0  9994
2 63220  97.3920  97.2063 0004390  24.8120 335.3328 15.24822251 75387
0 CLARITY-1
1 63227U 25052T   26161.15767168  .09211707  26169-5  12257-3 0  9997
2 63227  97.3825  82.7091 0009598 247.2263 112.8028 16.48960409 70590
0 BUCCANEER MM
1 63245U 25052AM  26204.24835027  .00003662  00000-0  34131-3 0  9991
2 63245  97.6821  94.5164 0005914  92.2884 267.9014 14.94844093 73988
0 OTP-2
1 63235U 25052AB  26204.13749129  .00008011  00000-0  32920-3 0  9992
2 63235  97.3822  96.0335 0007687  49.2368 310.9536 15.24420687 75343
0 M-SEL
1 63231U 25052X   26204.19110365  .00008664  00000-0  33293-3 0  9996
2 63231  97.3873  97.3363 0005936  42.5623 317.6074 15.26653542 75414
0 OBJECT Y
1 63232U 25052Y   26204.17758008  .00006427  00000-0  26546-3 0  9995
2 63232  97.3905  96.6860 0006831  38.9573 321.2156 15.24334818 75358
0 ION SCV-017
1 63230U 25052W   26204.18653387  .00003923  00000-0  14531-3 0  9997
2 63230  97.3863  99.0545 0019978 283.9092  75.9925 15.28061803 75532
0 ALMUNTHER
1 63240U 25052AG  26203.43660708  .00020357  00000-0  64160-3 0  9993
2 63240  97.3837  98.1659 0007354  42.0576 318.1229 15.32899609 75410
0 OBJECT BC
1 63260U 25052BC  26204.16752961  .00001461  00000-0  13962-3 0  9998
2 63260  97.6799  94.8050 0001533 149.2196 210.9115 14.94768486 74003
0 OBJECT AD
1 63237U 25052AD  26204.13561891  .00017574  00000-0  55412-3 0  9997
2 63237  97.3893  99.4092 0006834  33.9288 326.2390 15.32921682 75533
0 OBJECT AE
1 63238U 25052AE  26204.18374539  .00017497  00000-0  55721-3 0  9991
2 63238  97.3892  99.3574 0006948  34.3154 325.8535 15.32602566 75533
0 OBJECT AF
1 63239U 25052AF  26204.19234242  .00017529  00000-0  55846-3 0  9993
2 63239  97.3893  99.3419 0006999  35.0909 325.0793 15.32588658 75538
0 OBJECT F
1 63215U 25052F   26203.67764483  .00020647  00000-0  59914-3 0  9999
2 63215  97.3857 100.0719 0002905  41.4403 318.7060 15.35538157 75558
0 OBJECT E
1 63214U 25052E   26204.12064543  .00022371  00000-0  64765-3 0  9995
2 63214  97.3847 100.5315 0002797  37.6087 322.5351 15.35594951 75625
0 OBJECT D
1 63213U 25052D   26204.16105969  .00019975  00000-0  57523-3 0  9996
2 63213  97.3852 100.6345 0002750  36.8578 323.2855 15.35785273 75636
0 OBJECT J
1 63218U 25052J   26204.16907910  .00018992  00000-0  56009-3 0  9993
2 63218  97.3845 100.1708 0003320  47.1556 312.9966 15.35045842 75613
0 OBJECT K
1 63219U 25052K   26204.17591660  .00019088  00000-0  56382-3 0  9997
2 63219  97.3828 100.1546 0003555  43.1044 317.0478 15.34993188 75611
0 OBJECT H
1 63217U 25052H   26204.17584741  .00019031  00000-0  56235-3 0  9992
2 63217  97.3828 100.1515 0003481  42.9181 317.2333 15.34981736 75610
0 OBJECT B
1 63211U 25052B   26203.67937472  .00022855  00000-0  62725-3 0  9992
2 63211  97.3932 101.1955 0002263  23.0348 337.0998 15.37263079 75591
0 ORBASTRO-TR5
1 63236U 25052AC  26204.18945000  .00004355  00000-0  19181-3 0  9995
2 63236  97.3793  95.2017 0005137  48.9460 311.2220 15.22337048 75290
0 JINJUSAT-1B
1 63210U 25052A   26203.95675267  .00019382  00000-0  58084-3 0  9997
2 63210  97.3956 100.7790 0002187   6.3758 353.7513 15.34537670 75587
0 UVSQ-SAT NG
1 63251U 25052AT  26204.19123905  .00002193  00000-0  20297-3 0  9993
2 63251  97.6810  94.9419 0004645  97.5827 262.5921 14.95535648 74012
0 BOTSAT-1
1 63216U 25052G   26204.19063535  .00008896  00000-0  33131-3 0  9993
2 63216  97.3843  97.6891 0003146  42.4870 317.6613 15.27695048 75458
0 OBJECT B
1 62726U 25012B   26204.17747212  .00004631  00000-0  20863-3 0  9994
2 62726  97.4215 276.7411 0010080 142.9703 217.2231 15.21502085 83723
0 HERMES-1
1 63242U 25052AJ  26203.92906328  .00004652  00000-0  20734-3 0  9999
2 63242  97.3856  94.9043 0008963  65.7079 294.5092 15.21873838 75230
0 HERMES-2
1 63243U 25052AK  26204.17415475  .00016548  00000-0  55989-3 0  9993
2 63243  97.3850  98.9110 0004552  16.3752 343.7636 15.30675789 75522
0 OBJECT G
1 62615U 25009G   26204.14692677  .00006325  00000-0  24737-3 0  9994
2 62615  97.3929 283.7218 0006044 185.6837 174.4334 15.26175436 84282
0 GARAI-A
1 62635U 25009AC  26204.26888259  .00005544  00000-0  27016-3 0  9997
2 62635  97.3955 283.2733 0002831 165.7518 194.3797 15.18733262 84254
0 ICEYE-X45
1 62705U 25009DA  26204.19840058  .00005238  00000-0  41662-3 0  9995
2 62705  97.8432 291.1893 0000745  48.5467 311.5820 15.00856748 83081
0 KINEIS-4E
1 63300U 25056A   26204.33698308  .00001464  00000-0  23925-3 0  9993
2 63300  97.9075 327.2367 0002754  72.0438 288.1070 14.72320995 72448
0 KINEIS-4C
1 63301U 25056B   26203.60168241  .00001287  00000-0  21110-3 0  9998
2 63301  97.9128 326.7756 0003361 186.3805 173.7360 14.72340370 72345
0 KINEIS-4D
1 63302U 25056C   26204.28484186  .00001507  00000-0  24658-3 0  9998
2 63302  97.9049 327.4049 0002130 185.8581 174.2602 14.72221582 72448
0 KINEIS-4A
1 63303U 25056D   26204.31997532  .00001481  00000-0  24191-3 0  9990
2 63303  97.9143 327.4003 0002567 137.9838 222.1567 14.72302014 72444
0 KINEIS-4B
1 63304U 25056E   26204.30263075  .00000474  00000-0  82742-4 0  9996
2 63304  97.9156 327.4421 0005946 167.9778 192.1573 14.72287768 72433
0 HERMES-6
1 63489U 25052BK  26204.20463645  .00004978  00000-0  21143-3 0  9990
2 63489  97.3960  96.1766 0007755  54.5041 305.6919 15.23494501 75317
0 HERMES-5
1 63834U 25052BQ  26204.18287376  .00013457  00000-0  47550-3 0  9998
2 63834  97.3929  98.3916 0005344  43.2990 316.8670 15.29305535 75454
0 HERMES 4
1 63833U 25052BP  26203.26709447  .00013330  00000-0  44544-3 0  9993
2 63833  97.3826  96.9180 0005154  85.4753 274.7077 15.31123538 75312
0 HERMES-3
1 63835U 25052BR  26204.14158229  .00018870  00000-0  55336-3 0  9994
2 63835  97.3823  99.6555 0006249  23.0096 337.1426 15.35210637 75572
0 OBJECT H
1 63298U 25055H   26204.34862241  .00051050  00000-0  12107-2 0  9993
2 63298  97.6556 352.5426 0004129  19.6806 340.4599 15.41559614 75019
0 YUNHAI 1-02
1 44547U 19063A   26204.23798768  .00000229  00000-0  99775-4 0  9991
2 44547  98.4127 213.6414 0006820  55.9752 304.2079 14.32725416357035
0 LIZZIESAT-3 (LS-3)
1 63233U 25052Z   26204.19041484  .00004619  00000-0  20494-3 0  9998
2 63233  97.3871  95.3942 0007250  48.0643 312.1210 15.22048885 75280
CSO 2
1 47305U 20104A   26132.07085654 0.00000000  00000-0  00000-0 0    08
2 47305  97.3512  73.2640 0002125  49.5310 310.4688 15.26894832    00
0 LYRA-1
1 62664U 25009BH  26204.23077546  .00009260  00000-0  43951-3 0  9990
2 62664  97.3962 278.0697 0010128  74.2046 286.0305 15.19427206 83895
0 LEMUR 2 STAR-FOX
1 62696U 25009CR  26204.18313012  .00008107  00000-0  60794-3 0  9993
2 62696  97.6905 285.5326 0001395   8.2917 351.8330 15.02923009 82962
0 KINEIS-2E
1 62931U 25028D   26204.12886312  .00001147  00000-0  16941-3 0  9990
2 62931  97.8935 254.9950 0002052  88.0319 272.1127 14.77102806 78087
0 TIGER-7
1 59141U 24043AV  26203.33762791  .00012054  00000-0  22077-3 0  9997
2 59141  97.5512 355.9219 0006537  56.5940 303.5935 15.49462143133414
0 BIOMASS
1 63772U 25090A   26204.24099896  .00000625  00000-0  11872-3 0  9997
2 63772  98.0752  31.0317 0001470  87.5860 272.5512 14.67538024 65970
0 ASTEX 1
1 05560U 71089A   26204.21205115  .00000400  00000-0  10152-3 0  9998
2 05560  92.7014 195.4592 0015212 355.9379   4.1701 14.50876468881951
IGS Radar 7
1 55329U 23012A   26197.89880269 0.00000000  00000-0  00000-0 0    00
2 55329  97.3803 275.9197 0008985 108.7886 251.2112 15.25977898    09
0 KINEIS-2C
1 62929U 25028B   26204.10981305  .00001251  00000-0  20063-3 0  9999
2 62929  98.1224 258.5409 0004739 139.3842 220.7720 14.73445558 77901
0 ICEYE-X41
1 62700U 25009CV  26204.16817802  .00003684  00000-0  32553-3 0  9990
2 62700  97.7056 283.1729 0000808 158.1646 201.9610 14.96949662 82791
0 ICEYE-X2
1 43800U 18099AU  26204.26648586  .00005864  00000-0  29035-3 0  9996
2 43800  97.4342 257.4764 0010811 166.8009 193.3510 15.18110013418299
0 OBJECT B
1 64049U 25103B   26204.31352348  .00003136  00000-0  14815-3 0  9992
2 64049  97.3780 275.4006 0003552  78.4440 281.7194 15.20134391 65557
0 OBJECT C
1 64050U 25103C   26204.31223738  .00003345  00000-0  15841-3 0  9996
2 64050  97.3732 275.1471 0003545  65.0877 295.0726 15.20010343 65556
0 HONGYAN 1
1 43914U 18112F   26203.41452652 -.00000102  00000-0  46851-4 0  9998
2 43914  50.0077 107.4404 0006632   4.9036 355.1907 13.43822167371278
0 KINEIS-5B
1 62085U 24219E   26204.25815539  .00001035  00000-0  14933-3 0  9993
2 62085  98.0099   7.8906 0002920 129.6544 230.4924 14.78398223 89336
0 KINEIS-2A
1 62932U 25028E   26204.15512160  .00001108  00000-0  17861-3 0  9990
2 62932  98.1281 259.5983 0005721  64.2676 295.9122 14.73465175 77906
0 KINEIS-2B
1 62934U 25028G   26204.13251559  .00001038  00000-0  16758-3 0  9998
2 62934  97.9649 256.3400 0004470  55.2848 304.8780 14.73465133 77952
0 ICEYE-X42
1 62698U 25009CT  26204.15787111  .00001771  00000-0  18090-3 0  9999
2 62698  97.7387 281.8235 0001314  99.7720 260.3647 14.91841274 82656
0 YAM-8
1 63254U 25052AW  26203.97944253  .00004576  00000-0  27641-3 0  9995
2 63254  97.6945 105.6954 0005230  91.7759 268.4069 15.11197335 74675
0 LYNK TOWER 6
1 59123U 24043AB  26204.21341138  .00005343  00000-0  17802-3 0  9996
2 59123  97.5637 341.9151 0011703 114.4410 245.8053 15.31492401132542
0 MBZ-SAT
1 62626U 25009T   26204.16238961  .00000752  00000-0  40393-4 0  9995
2 62626  97.3959 281.6273 0005057 187.1763 172.9399 15.17882220 84148
0 GCOM W1
1 38337U 12025A   26204.07533519  .00000363  00000-0  90627-4 0  9991
2 38337  98.2024 144.0881 0001258  80.5144 294.2451 14.57095220754261
0 GOSAT (IBUKI)
1 33492U 09002A   26204.27490560  .00000519  00000-0  10004-3 0  9992
2 33492  98.0915 314.9090 0001095  93.1700 266.9630 14.67540991936754
0 DUBAISAT 1
1 35682U 09041B   26204.31060234  .00000735  00000-0  11632-3 0  9992
2 35682  98.0093 337.1822 0009366 320.7560  39.2969 14.75176292910426
0 ZHANGHENG 1-02
1 64393U 25128A   26204.17369084  .00006015  00000-0  27536-3 0  9993
2 64393  97.3628 330.1318 0011943 354.7232   5.3876 15.20805663 61399
0 IRIDE-MS2-HEO-9
1 64585U 25135BK  26204.31036035  .00001520  00000-0  15570-3 0  9998
2 64585  97.7789 318.3665 0001174 162.9178 197.2081 14.91953491 59284
TIME FLIES
1 98572C 25135AS  25174.98816526 -.00072855  00000+0 -73653-2 0    08
2 98572  97.7468 289.3924 0002863  69.1167 224.8320 14.91142843    19
0 SATORO-T3
1 64589U 25135BP  26204.25294900  .00001612  00000-0  15485-3 0  9999
2 64589  97.7740 318.4196 0004501 195.3729 164.7355 14.94454420 59299
0 SKYBEE-A02
1 64544U 25135S   26204.27243208  .00002644  00000-0  12503-3 0  9991
2 64544  97.4757 318.7790 0002839  58.5613 301.5899 15.20263025 60310
0 BRO-18
1 64550U 25135Y   26204.27720426  .00004001  00000-0  17720-3 0  9995
2 64550  97.4653 319.0365 0002685 104.1005 256.0530 15.22216633 60362
0 PADRE
1 64559U 25135AH  26203.74404966  .00001292  00000-0  13107-3 0  9997
2 64559  97.7748 316.9590 0003038 124.3765 235.7742 14.92588910 59155
0 IRIDE-MS2-HEO-8
1 64587U 25135BM  26204.28865911  .00001559  00000-0  15949-3 0  9991
2 64587  97.7764 318.2943 0001150 165.7093 194.4158 14.91959153 59283
0 IRIDE-MS2-HEO-6
1 64576U 25135BA  26204.25382612  .00001742  00000-0  17762-3 0  9997
2 64576  97.7754 317.9668 0001346 159.3867 200.7406 14.91937281 59268
0 IRIDE-MS2-HEO-5
1 64571U 25135AV  26204.27700288  .00001756  00000-0  17908-3 0  9994
2 64571  97.7755 317.9638 0001324 157.2570 202.8707 14.91935644 59263
0 IRIDE-MS2-HEO-4
1 64582U 25135BG  26204.26557986  .00001857  00000-0  18907-3 0  9992
2 64582  97.7754 318.1220 0001428 159.6782 200.4494 14.91926778 59276
0 IRIDE-MS2-HEO-3
1 64568U 25135AS  26204.29978696  .00001458  00000-0  14957-3 0  9992
2 64568  97.7761 317.9578 0001706 131.9198 228.2166 14.91953342 59264
0 IRIDE-MS2-HEO-2
1 64569U 25135AT  26204.30178527  .00001467  00000-0  14383-3 0  9993
2 64569  97.7781 318.2120 0001122 173.9161 186.2073 14.93771816 59279
0 YAM-10
1 64580U 25135BE  26204.29675079  .00001313  00000-0  13532-3 0  9993
2 64580  97.7756 317.6545 0002254 206.2170 153.8935 14.91920784 59247
0 OBJECT BQ
1 64590U 25135BQ  26204.28853539  .00001255  00000-0  12255-3 0  9998
2 64590  97.7746 318.3647 0004817 196.9505 163.1554 14.94169475 59293
0 LEMUR 2 HUBBLE-5
1 64840U 25135BT  26204.18596518  .00001427  00000-0  13842-3 0  9990
2 64840  97.7742 318.3557 0004968 203.9370 156.1620 14.94228388 59287
0 LEMUR 2 HUBBLE-4
1 64565U 25135AP  26204.11295278  .00001237  00000-0  12226-3 0  9990
2 64565  97.7722 317.6059 0003248 143.9745 216.1695 14.93700722 59237
0 USPWSA-DRAGOON
1 64542U 25135Q   26204.30706527  .00009478  00000-0  36576-3 0  9999
2 64542  97.4722 320.4685 0003979  70.0509 290.1157 15.26497089 60430
0 FORGESTAR-1
1 64546U 25135U   26203.74880650  .00010236  00000-0  41640-3 0  9992
2 64546  97.4711 319.4186 0002037  88.8529 271.2942 15.24715497 60323
0 ION SCV-018
1 64575U 25135AZ  26204.03709105  .00000371  00000-0  39455-4 0  9993
2 64575  97.7806 318.8042 0012924 167.0530 193.1025 14.94705014 59282
0 ION SCV-020
1 64545U 25135T   26203.73077981  .00002165  00000-0  10537-3 0  9998
2 64545  97.4637 318.2418 0008541  38.4795 321.7047 15.19423317 60245
0 ARCSTONE
1 64540U 25135N   26203.29081952  .00020967  00000-0  64206-3 0  9999
2 64540  97.4639 321.1270 0003633  87.8106 272.3552 15.33833981 60411
0 FOSSASAT2E21
1 64536U 25135J   26204.28634118  .00002360  00000-0  11234-3 0  9992
2 64536  97.4673 318.2361 0005620  69.7161 290.4678 15.20135659 60301
0 OTTER PUP 2
1 64537U 25135K   26203.78045996  .00004083  00000-0  17580-3 0  9991
2 64537  97.4756 319.1377 0004516  67.2368 292.9346 15.23162129 60298
0 SATMAR
1 64551U 25135Z   26204.26740793  .00007814  00000-0  31191-3 0  9997
2 64551  97.4639 319.9139 0002654 115.1970 244.9543 15.25431626 60425
0 TPA-1
1 64533U 25135F   26204.04463323  .00005123  00000-0  22877-3 0  9996
2 64533  97.4707 318.7156 0006145  72.7454 287.4454 15.21787221 60302
0 HYPERFIELD-1B
1 64552U 25135AA  26204.27705263  .00004606  00000-0  20128-3 0  9996
2 64552  97.4699 319.3720 0002091 123.4362 236.7074 15.22593857 60378
0 UND ROADS 2
1 64549U 25135X   26203.77012133  .00006077  00000-0  25208-3 0  9991
2 64549  97.4810 319.8752 0001415  49.9480 310.1882 15.24239384 60335
0 UND ROADS 1
1 64535U 25135H   26203.29570946  .00005605  00000-0  24248-3 0  9993
2 64535  97.4697 318.1267 0005680  68.2251 291.9589 15.22832290 60203
0 OBJECT AC
1 64554U 25135AC  26204.30450283  .00020733  00000-0  67212-3 0  9995
2 64554  97.4662 321.6866 0002529 155.5615 204.5747 15.32017853 60536
0 DUTHSAT-2
1 64530U 25135C   26203.96708806  .00013860  00000-0  51454-3 0  9991
2 64530  97.4642 319.8879 0005896  76.1528 284.0367 15.27675326 60396
0 HUBBLE 6
1 64562U 25135AL  26203.76077336  .00000582  00000-0  60391-4 0  9999
2 64562  97.7777 317.5548 0001411  85.1862 274.9519 14.93671603 59189
0 HUBBLE 7
1 64592U 25135BS  26204.19638129  .00001740  00000-0  17004-3 0  9992
2 64592  97.7779 318.5063 0002316 196.8983 163.2160 14.93664683 59289
0 CONNECTA IOT-9
1 64534U 25135G   26204.26051691  .00002588  00000-0  12265-3 0  9994
2 64534  97.4786 318.8195 0006396  56.3162 303.8682 15.20196529 60306
0 CONNECTA IOT-10
1 64555U 25135AD  26203.56502839  .00002375  00000-0  11159-3 0  9999
2 64555  97.4711 318.2677 0001719 127.6953 232.4438 15.20591089 60238
0 CONNECTA IOT-11
1 64557U 25135AF  26204.03737264  .00003246  00000-0  15104-3 0  9998
2 64557  97.4740 319.0317 0001238 154.0059 206.1239 15.20657533 60312
0 CONNECTA IOT-12
1 64553U 25135AB  26204.27071004  .00003136  00000-0  14613-3 0  9995
2 64553  97.4768 319.4770 0000566  97.1610 262.9689 15.20632404 60351
0 OBJECT D
1 64531U 25135D   26204.31259278  .00010942  00000-0  41670-3 0  9993
2 64531  97.4739 320.5221 0005050  56.8819 303.2904 15.26894962 60438
0 OBJECT AJ
1 64560U 25135AJ  26203.72898807  .00004515  00000-0  40886-3 0  9993
2 64560  97.7755 318.1415 0002150 119.5708 240.5727 14.95886222 59227
0 DUTHSAT-2
1 64530U 25135C   26203.96708806  .00013860  00000-0  51454-3 0  9991
2 64530  97.4642 319.8879 0005896  76.1528 284.0367 15.27675326 60396
0 MSAT M1
1 23846U 96022A   26203.82254601 -.00000231  00000-0  00000-0 0  9990
2 23846  12.4942  28.1005 0019531 195.9879 344.4411  0.98647828110432
0 SYRACUSE 3B
1 29273U 06033B   26204.28929605 -.00000041  00000-0  00000-0 0  9996
2 29273   2.9990  79.7575 0001984 344.2559 260.9929  0.98626305 73015
0 WILDFIRE 9
1 57765U 23133J   26204.31495516  .00000036  00000-0  21572-4 0  9990
2 57765  81.0057 333.2897 0005006 274.3214  85.7371 13.85380865146023
0 WILDFIRE 10
1 57766U 23133K   26203.78982362 -.00000095  00000-0 -92787-4 0  9994
2 57766  81.0042 333.2999 0005535 265.1391  94.9134 13.85602843145977
0 WILDFIRE 1
1 57764U 23133H   26203.77426631  .00000081  00000-0  61470-4 0  9991
2 57764  81.0021 332.7914 0005491 262.1028  97.9506 13.85736614145989
0 EUCROPIS
1 43807U 18099BB  26204.12264720  .00007709  00000-0  34995-3 0  9993
2 43807  97.4203 259.3553 0006417 156.2212 203.9322 15.21051134417925
0 COSMOS 2588
1 64095U 25109A   26203.53174902  .00010759  00000-0  37805-3 0  9993
2 64095  72.9711 128.6824 0009500  13.2884 346.8560 15.29442363 65017
0 GOES 19
1 60133U 24119A   26204.26530966 -.00000244  00000-0  00000-0 0  9992
2 60133   0.0202 124.3336 0000316  44.2664 152.7195  1.00272088  7327
0 TIANQI 26
1 59910U 24102B   26204.20888471  .00000072  00000-0  13727-3 0  9997
2 59910  44.9736 101.2345 0010233  48.6789 311.4923 13.99192540109956
0 TIANQI 25
1 59909U 24102A   26204.15654483  .00000064  00000-0  13171-3 0  9997
2 59909  44.9772 101.8896 0011404  45.0588 315.1168 13.99178575109943
0 LANDSAT 8
1 39084U 13008A   26204.28247628  .00000246  00000-0  64780-4 0  9990
2 39084  98.2283 273.9856 0001333  91.8902 268.2449 14.57098192703154
0 LANDSAT 9
1 49260U 21088A   26204.17959672  .00000273  00000-0  70741-4 0  9995
2 49260  98.2263 273.9181 0001062  94.8455 265.2865 14.57099648256244
0 BIFROST-DNK
1 64588U 25135BN  26204.28973794  .00001772  00000-0  16821-3 0  9998
2 64588  97.7772 318.6482 0003430 209.1890 150.9139 14.94793077 59309
0 GLOBAL-32
1 64231U 25118B   26204.05414028  .00012241  00000-0  32016-3 0  9996
2 64231  58.9923 347.3832 0014945  67.3445 292.9210 15.39091394 63767
0 OBJECT E
1 64052U 25103E   26204.31946622  .00010126  00000-0  41448-3 0  9999
2 64052  97.3728 276.1894 0003914  69.2868 290.8789 15.24502085 65611
0 SLS DEB
1 55904U 22156D   26180.84497091  .00092110  00000-0  91699-2 0  9997
2 55904  30.3753 235.8230 1595670 192.7171 162.8033 12.05852125141033
0 AAC-AIS-SAT-1
1 55107U 23001DC  26204.24685678  .00005154  00000-0  50855-3 0  9995
2 55107  97.9185 281.2094 0010347 152.7774 207.3989 14.92394164183668
0 REAL
1 64875U 25154G   26204.17791593  .00024523  00000-0  74237-3 0  9995
2 64875  97.4008 272.5700 0002018 121.4898 238.6542 15.34170105 55565
0 UNIFORM 1
1 39767U 14029B   26204.19927143  .00001794  00000-0  16518-3 0  9993
2 39767  97.8059 301.4648 0005226 174.9837 185.1437 14.95987342659609
0 OBJECT C
1 64878U 25155C   26204.27243262  .00005627  00000-0  22259-3 0  9996
2 64878  97.4586 171.2996 0012202  64.3779 295.8719 15.25803733 86172
0 OBJECT U
1 64894U 25155U   26204.25571864  .00043231  00000-0  87403-3 0  9999
2 64894  97.4499 176.6875 0007650  73.0712 287.1375 15.46316125 86532
0 OBJECT D
1 64879U 25155D   26204.27199527  .00011047  00000-0  37337-3 0  9997
2 64879  97.4576 172.9851 0009507  59.3432 300.8744 15.30775428 86286
0 OBJECT R
1 64891U 25155R   26204.28728945  .00015038  00000-0  45661-3 0  9997
2 64891  97.4563 174.0212 0008227  65.1923 295.0175 15.34147968 86355
0 OBJECT S
1 64892U 25155S   26204.26765819  .00015987  00000-0  48261-3 0  9999
2 64892  97.4568 174.0607 0008094  65.6859 294.5228 15.34320147 86359
0 OBJECT T
1 64893U 25155T   26204.28428084  .00018698  00000-0  52557-3 0  9997
2 64893  97.4554 174.6172 0008109  66.8276 293.3821 15.36530012 86397
0 OBJECT Q
1 64890U 25155Q   26204.24713199  .00011573  00000-0  38023-3 0  9991
2 64890  97.4570 173.3076 0008462  49.9139 310.2843 15.31689035 86302
0 OBJECT E
1 64880U 25155E   26204.25961369  .00011906  00000-0  39409-3 0  9994
2 64880  97.4572 173.1537 0009458  59.8054 300.4123 15.31432024 86299
0 OBJECT F
1 64881U 25155F   26204.24033601  .00015444  00000-0  47323-3 0  9998
2 64881  97.4571 173.8227 0009143  60.0262 300.1887 15.33844793 86339
0 IONOSFERA-M 03
1 64876U 25155A   26204.28478392  .00000047  00000-0  41084-4 0  9998
2 64876  98.6046 165.2854 0002458 100.0084 260.1371 14.21491921 51537
0 IONOSFERA-M 04
1 64877U 25155B   26204.31956306  .00000044  00000-0  39823-4 0  9994
2 64877  98.6045 165.2364 0001910  91.3689 268.7708 14.21494354 51539
0 ICEYE-X57
1 64578U 25135BC  26204.26835115  .00002112  00000-0  17086-3 0  9992
2 64578  97.8041 320.8549 0002119  56.2973 303.8452 15.00875725 59433
0 ICEYE-X53
1 64584U 25135BJ  26204.29196706  .00003809  00000-0  30369-3 0  9991
2 64584  97.7348 320.9127 0002291 163.3713 196.7586 15.00927253 59492
0 YUBELEINY 2
1 38735U 12041C   26204.26417196  .00000028  00000-0  12937-3 0  9999
2 38735  82.4739  52.1874 0017480 352.3984   7.6828 12.42650402634327
0 COSMOS 2491
1 39497U 13076E   26204.30364311  .00000011  00000-0  10617-4 0  9995
2 39497  82.4877 145.7053 0013734  16.8492 343.3042 12.43497731569744
0 COSMOS 2581
1 62902U 25026A   26203.56041721  .00000644  00000-0  56631-4 0  9992
2 62902  81.9941  38.3976 0008863 303.7039  56.3335 14.95066621 79505
0 NISAR
1 65053U 25163A   26204.23436768  .00000107  00000-0  45328-4 0  9993
2 65053  98.4055  31.3734 0001219  89.3038 270.8292 14.42504258 51581
0 ICEYE-X50
1 63255U 25052AX  26204.29258557  .00001370  00000-0  12919-3 0  9998
2 63255  97.6842  95.4880 0003412  88.0914 272.0698 14.95380359 74049
0 KAZSTSAT
1 43783U 18099AB  26204.32201105  .00000278  00000-0  26899-4 0  9995
2 43783  97.4302 234.6237 0007211 306.2380  53.8177 14.99961603416721
0 OBJECT H
1 64883U 25155H   26204.26790955  .00009304  00000-0  32182-3 0  9999
2 64883  97.4592 172.9019 0008830  56.3550 303.8532 15.30081679 86276
0 OBJECT V
1 64895U 25155V   26204.07147597  .00010919  00000-0  37721-3 0  9997
2 64895  97.4596 172.7134 0008948  60.6134 299.5999 15.30075189 86238
NOSS 3-6 (P)
1 38773U 12048P   26201.87048512 0.00000000  00000-0  00000-0 0    02
2 38773  63.4244 122.7472 0311724 358.6294   1.3706 13.41005328    07
0 QUICK3
1 64558U 25135AG  26204.26840305  .00012889  00000-0  47303-3 0  9994
2 64558  97.4763 320.8590 0005613  50.7292 309.4444 15.28071645 60365
0 GAOFEN 8
1 40701U 15030A   26204.31992322  .00014267  00000-0  28222-3 0  9995
2 40701  97.6904  39.8912 0009681  70.4660 289.7634 15.47173203617037
0 COSMOS 2572
1 58435U 23182A   26203.93077368  .00061919  32293-5  20637-3 0  9998
2 58435  96.6791 307.4293 0013246 161.7611 198.4142 15.90213295154132
0 COSMOS 2583
1 62904U 25026C   26203.49349076  .00001590  00000-0  14301-3 0  9998
2 62904  81.9956  38.4707 0009545 306.0344  53.9991 14.95070355 79475
0 ICEYE-X46
1 63258U 25052BA  26204.15546567  .00001240  00000-0  11740-3 0  9994
2 63258  97.6845  95.3529 0001508  83.3256 276.8137 14.95382902 74029
0 STRIX 2
1 62406U 24248A   26204.27662091  .00006094  00000-0  38594-3 0  9996
2 62406  97.6302 159.7191 0014323 205.0866 154.9668 15.09254725 87037
0 ALSAT 2B
1 41786U 16059D   26204.33307508  .00000343  00000-0  63900-4 0  9992
2 41786  97.9876 265.9069 0002243  94.5178 265.6285 14.70911781526080
0 ICEYE-X51
1 63257U 25052AZ  26203.79241580  .00004103  00000-0  32696-3 0  9993
2 63257  97.7619  98.8279 0002114  62.8734 297.2705 15.00900798 74142
0 ICEYE-X56
1 64574U 25135AY  26204.29107551  .00002775  00000-0  25385-3 0  9993
2 64574  97.7771 318.9756 0001888 167.3976 192.7292 14.95800480 59329
0 GRUS-3ALPHA
1 64579U 25135BD  26204.27734458  .00001391  00000-0  13853-3 0  9998
2 64579  97.7793 318.1385 0002035 206.8496 153.2619 14.93205579 59263
0 ICEYE-X44
1 62707U 25009DC  26204.20131147  .00001920  00000-0  17543-3 0  9996
2 62707  97.7048 282.7598 0001890  55.9937 304.1463 14.96195449105320
0 ICEYE-X55
1 64581U 25135BF  26204.30070853  .00002812  00000-0  25989-3 0  9999
2 64581  97.7764 318.8056 0002551 204.4817 155.6283 14.95394655 59315
0 COSMOS 2576
1 59773U 24092A   26203.53113100  .00006652  00000-0  30856-3 0  9999
2 59773  97.4408 319.0177 0011097 244.1869 115.8222 15.20329835121750
0 OBJECT D
1 65262U 25180D   26204.31296151  .00004804  00000-0  25554-3 0  9999
2 65262  97.5296 331.1865 0013961 188.9300 171.1686 15.15656349 51132
0 PACE
1 58928U 24025A   26204.24454457  .00000328  00000-0  69261-4 0  9995
2 58928  98.0944 135.0281 0002971 119.1804 240.9697 14.65570959131217
0 HXMT
1 42758U 17034A   26203.78339625  .00005151  00000-0  25187-3 0  9995
2 42758  43.0151 344.7924 0031256   8.7119 351.4266 15.18737052503079
0 PUNCH-NFI00
1 63178U 25047A   26204.03617951  .00000414  00000-0  69305-4 0  9995
2 63178  97.9573  28.8821 0012098  48.5527 311.6719 14.74802927 73368
0 OBJECT A
1 65815U 25219A   26204.26062004  .00000026  00000-0  32770-4 0  9999
2 65815  98.6770 144.3296 0000968  63.6721 296.4555 14.19925773 42506
0 OBJECT A
1 58849U 24018A   26204.22016937  .00001388  00000-0  16863-3 0  9990
2 58849  58.6866 103.5283 0433844 147.6082 215.2390 14.39617514130367
0 PRSC-S1
1 65055U 25164A   26204.12779772  .00005261  00000-0  35954-3 0  9998
2 65055  41.1304  85.3547 0007712 245.0897 114.9116 15.06687640 53857
0 OBJECT B
1 66054U 25234B   26204.17829985  .00004671  00000-0  21130-3 0  9998
2 66054  97.4742 273.1559 0009852 335.9954  24.0821 15.21366873 42117
FIA Radar 3
1 39462U 13072A   26174.04481285 0.00000000  00000-0  00000-0 0    02
2 39462 123.0231  43.2129 0002212 111.1136 248.7619 13.41432111    08
0 TOMORROW-S8
1 66308U 25248R   26202.59312740  .00003682  00000-0  17682-3 0  9993
2 66308  45.3975 296.6796 0005175 233.9483 126.0924 15.20763223 39752
HAVEN-DEMO
1 98525C 25248G   25306.26405727 -.00000933  00000+0 -45446-4 0    05
2 98525  45.4034 255.8524 0000871 205.5699 170.5155 15.17646895    11
TAURUS 1
1 98524C 25248B   25306.26320194  .00027860  00000+0  12985-2 0    04
2 98524  45.4089 255.8588 0007455 201.5294 169.8646 15.19131730    17
TAURUS 2
1 98523C 25248B   25306.26320194  .00027860  00000+0  12985-2 0    03
2 98523  45.4089 255.8588 0007455 201.5294 169.8646 15.19131730    16
TAURUS 3
1 98522C 25248B   25306.26320194  .00027860  00000+0  12985-2 0    02
2 98522  45.4089 255.8588 0007455 201.5294 169.8646 15.19131730    15
TAURUS 4
1 98521C 25248B   25306.26320194  .00027860  00000+0  12985-2 0    01
2 98521  45.4089 255.8588 0007455 201.5294 169.8646 15.19131730    14
0 STARCLOUD-1
1 66303U 25248L   26204.27162107  .00004553  00000-0  21037-3 0  9992
2 66303  45.4007 286.5798 0006428 254.2125 105.8054 15.21620262 40033
0 OBJECT-B
1 65489U 25197B   26204.09533907  .00003998  00000-0  19008-3 0  9996
2 65489  97.4110  29.7277 0012333 237.1593 122.8456 15.19708335 48734
0 UNICORN-2O
1 63980U 25052BS  26046.23064614  .07374698  24226-5  45213-2 0  9996
2 63980  97.3693 306.5452 0009140 143.6049 216.5862 16.18030447 51696
0 UNICORN-2P
1 63981U 25052BT  26061.66207681  .09079400  24721-5  43819-2 0  9999
2 63981  97.3656 322.3272 0007474 166.9554 193.1930 16.21219791 54086
0 LYRA-3
1 64577U 25135BB  26204.19475353  .00001221  00000-0  19015-3 0  9991
2 64577  97.7749 307.7576 0019927 222.8917 137.0739 14.74565243 58574
0 BUZZZER-1
1 62609U 25009A   26204.15121358  .00002416  00000-0  10919-3 0  9995
2 62609  97.3914 281.7719 0007229 196.0116 164.0892 15.21877926 84164
0 LYRA-4
1 64691U 25140A   26204.02828148  .00001103  00000-0  17783-3 0  9999
2 64691  96.0082 315.1289 0014440  87.7436 272.5430 14.72577796 57336
0 OBJECT D
1 64051U 25103D   26204.32292986  .00004803  00000-0  23080-3 0  9993
2 64051  97.3809 274.6417 0005736 119.3384 240.8424 15.19280000 65488
0 OBJECT A
1 65259U 25180A   26203.01403326  .00018585  00000-0  77102-3 0  9992
2 65259  97.5226 331.9363 0012630 186.8583 173.2484 15.23841406 51097
0 MONOLITH
1 49052U 21068A   26203.94472484  .00005901  00000-0  36631-3 0  9999
2 49052  37.0238  49.5435 0002126 178.1817 181.8937 15.09456481272684
0 TIANYAN 23
1 63209U 25051B   26204.27400595  .00038521  00000-0  66667-3 0  9992
2 63209  97.4506 292.6998 0002726 317.6840  42.4201 15.50838391 75956
2025-155M
1 64887U 25155M   25317.92250675  .00044892  00000+0  16888-2 0  9994
2 64887  97.4276 282.0216 0006853 188.9633 171.1484 15.26972395 47917
0 COSMIC
1 66658U 25274J   26204.14967132  .00003600  00000-0  33840-3 0  9998
2 66658  97.7461 133.1084 0010622 254.6873 105.3173 14.94500834 35605
0 OBJECT H
1 66657U 25274H   26204.02924451  .00001904  00000-0  18534-3 0  9999
2 66657  97.7469 132.8106 0010366 253.3946 106.6136 14.93676042 35578
0 OBJECT G
1 66656U 25274G   26204.25799770  .00001489  00000-0  14664-3 0  9995
2 66656  97.7472 132.9780 0012210 234.3276 125.6808 14.93508157 35607
0 OBJECT L
1 66660U 25274L   26204.22488245  .00001884  00000-0  18152-3 0  9994
2 66660  97.7479 133.1907 0012222 257.7028 102.2824 14.94082882 35613
0 OBJECT E
1 66654U 25274E   26204.03020968  .00001653  00000-0  16348-3 0  9999
2 66654  97.7475 132.6691 0011653 233.7860 126.2283 14.93199780 35565
0 OBJECT K
1 66659U 25274K   26204.24678903  .00001294  00000-0  12673-3 0  9993
2 66659  97.7473 133.1504 0011641 257.2038 102.7882 14.93958318 35612
0 E3TESTER
1 66662U 25274N   26204.25831849  .00001321  00000-0  12817-3 0  9999
2 66662  97.7476 133.2966 0013287 258.3977 101.5752 14.94310850 35622
0 OBJECT D
1 66653U 25274D   26204.07071534  .00001354  00000-0  13603-3 0  9996
2 66653  97.7473 132.6102 0011192 231.9945 128.0264 14.92863122 35567
0 E3TESTER
1 66662U 25274N   26204.25831849  .00001321  00000-0  12817-3 0  9999
2 66662  97.7476 133.2966 0013287 258.3977 101.5752 14.94310850 35622
0 OBJECT M
1 66661U 25274M   26203.60912806  .00001398  00000-0  13603-3 0  9997
2 66661  97.7474 132.6042 0012904 261.0257  98.9503 14.94104636 35529
0 CAS500-3
1 66655U 25274F   26204.25016901  .00001056  00000-0  11977-3 0  9996
2 66655  97.7433 131.4809 0005620  15.1705 344.9679 14.88397958 35519
0 BEE-1000
1 66650U 25274A   26204.27716218  .00002332  00000-0  22915-3 0  9993
2 66650  97.7472 132.8012 0010330 229.7945 130.2371 14.93079208 35595
0 BEE-1000
1 66650U 25274A   26204.27716218  .00002332  00000-0  22915-3 0  9993
2 66650  97.7472 132.8012 0010330 229.7945 130.2371 14.93079208 35595
0 OBJECT M
1 66661U 25274M   26203.60912806  .00001398  00000-0  13603-3 0  9997
2 66661  97.7474 132.6042 0012904 261.0257  98.9503 14.94104636 35529
0 HYDROGNSS-1
1 66762U 25276DA  26204.14700550  .00002408  00000-0  14528-3 0  9992
2 66762  97.4185 275.5991 0009314 289.0255  70.9966 15.11636190 35782
0 LILIUM-3
1 66770U 25276DJ  26204.17820017  .00002387  00000-0  11505-3 0  9993
2 66770  97.4228 277.3418 0003431 112.9351 247.2246 15.19673041 35894
0 MERCURY ONE (M1)
1 66742U 25276CE  26204.14754755  .00004598  00000-0  21734-3 0  9995
2 66742  97.4175 277.0796 0002400 164.0653 196.0658 15.19888881 35885
TRYAD-1
1 98514C 25276W   25332.82006016 -.00014061  00000+0 -69126-3 0    00
2 98514  97.4427  44.8324 0001837 139.3929 208.7124 15.18117529    17
TRYAD-2
1 98472C 25276G   25332.81894905 -.00015115  00000+0 -77900-3 0    04
2 98472  97.4427  44.8315 0005749 353.2232 348.8171 15.16448967    19
0 IHI-SAT2
1 66772U 25276DL  26204.18516462  .00006307  00000-0  28053-3 0  9994
2 66772  97.4218 277.7500 0003087  98.6514 261.5072 15.21839879 35925
ION SCV-021
1 98507C 25276DK  25332.83867706 -.00036221  00000+0 -18257-2 0    04
2 98507  97.4442  44.8477 0001886  15.3011  74.4274 15.17249798    11
0 HYDROGNSS-2
1 66763U 25276DB  26204.18059095  .00002247  00000-0  13587-3 0  9993
2 66763  97.4186 275.5648 0010071 224.4674 135.5749 15.11615903 35789
0 PIAST-S1
1 66749U 25276CM  26204.14525049  .00005578  00000-0  25756-3 0  9991
2 66749  97.4174 277.2278 0002645 161.5941 198.5390 15.20602566 35898
0 ION-SCV-022
1 66682U 25276S   26204.25678138  .00000683  00000-0  62623-4 0  9994
2 66682  97.5268 273.6400 0006993  61.8890 298.3039 14.97954395 35477
TORO2
1 98495C 25276A   25332.81865276 -.00018935  00000+0 -92912-3 0    01
2 98495  97.4471  44.8297 0002027 150.6290 189.7844 15.18183059    10
0 LILIUM-2
1 66679U 25276P   26204.16369772  .00001740  00000-0  88575-4 0  9990
2 66679  97.4137 276.4866 0004727 230.7989 129.2826 15.18121786 35855
AC1-002
1 98502C 25276DH  25332.83812498 -.00039587  00000+0 -19966-2 0    03
2 98502  97.4441  44.8466 0001831  19.3111  67.4049 15.17230783    14
0 OBJECT DP
1 66775U 25276DP  26204.20259890  .00006386  00000-0  28515-3 0  9999
2 66775  97.4114 277.4219 0002604  67.2224 292.9286 15.21698599 35928
0 MICE-1
1 66684U 25276U   26204.13957729  .00004008  00000-0  19244-3 0  9994
2 66684  97.4254 277.1715 0004491 211.3009 148.7959 15.19416485 35877
0 BRO-20
1 66674U 25276J   26204.14645436  .00002512  00000-0  12552-3 0  9996
2 66674  97.4155 276.5473 0005099 227.6866 132.3937 15.18358934 35852
0 PIAST-M
1 66758U 25276CW  26204.19899395  .00004794  00000-0  22204-3 0  9998
2 66758  97.4167 277.2893 0002046 133.3646 226.7760 15.20569191 35900
CTC-1A
1 98482U          25332.82035646  .00003403  00000-0  17393-3 0 00009
2 98482 097.4475 044.8332 0007770 330.0061 019.7177 15.16670007000013
0 T-MICROSAT-1
1 66766U 25276DE  26204.19398655  .00005240  00000-0  23829-3 0  9991
2 66766  97.4143 277.3633 0002240  93.7273 266.4218 15.21157722 35911
0 HUNITY-1
1 66670U 25276E   26204.14674255  .00030166  00000-0  10805-2 0  9997
2 66670  97.4053 278.0933 0005808 225.3391 134.7376 15.28685500 35978
0 PIAST-S2
1 66757U 25276CV  26204.17676689  .00005275  00000-0  24209-3 0  9996
2 66757  97.4198 277.4107 0002476 140.5902 219.5514 15.20843391 35909
AC1-001
1 98501C 25276DB  25332.83686572 -.00037976  00000+0 -19187-2 0    09
2 98501  97.4447  44.8504 0002753  16.4894  63.3438 15.17166546    14
6GSTARLAB
1 98500C 25276Q   25332.81957058 -.00020149  00000+0 -10356-2 0    09
2 98500  97.4493  44.8302 0005240 344.1804   1.2397 15.16550460    12
0 GYEONGGISAT-1
1 66771U 25276DK  26204.19936558  .00005631  00000-0  25638-3 0  9991
2 66771  97.4217 277.5918 0003296 106.7178 253.4420 15.21085449 35915
0 BRO-17
1 66672U 25276G   26204.17131594  .00002569  00000-0  12894-3 0  9993
2 66672  97.4176 276.5840 0005592 224.7423 135.3361 15.18191712 35859
PW-6U
1 98513C 25276X   25332.82018632 -.00000922  00000+0 -45419-4 0    07
2 98513  97.4459  44.8318 0001293 154.2539 194.5339 15.18038025    16
3UCUBED-A
1 98517C 25276BN  25332.82504975  .00001682  00000+0  83855-4 0    09
2 98517  97.4423  44.8362 0000660  28.9081 346.4366 15.17617264    11
0 ANISCSAT-1
1 66671U 25276F   26204.14915844  .00011481  00000-0  50186-3 0  9996
2 66671  97.4191 277.4341 0004889 216.2515 143.8391 15.22239007 35905
CTC-1C
1 98480U 25276AS  25332.82216433 -.00022598  00000+0 -11210-2 0    02
2 98480  97.4485  44.8340 0000580 252.9749 106.6046 15.17805408    04
0 LUNA-1
1 66777U 25276DR  26204.19156932  .00008654  00000-0  36697-3 0  9992
2 66777  97.4239 278.1282 0003707 103.2324 256.9326 15.23354273 35940
VEERY-0G SPIN-2
1 98471C 25276V   25332.82003007 -.00016250  00000+0 -83956-3 0    08
2 98471  97.4429  44.8323 0006176 356.8754 351.0665 15.16360449    14
0 NAHLA
1 66764U 25276DC  26204.14647389  .00002213  00000-0  10882-3 0  9997
2 66764  97.4184 276.9472 0002702 172.5583 187.5692 15.19051943 35872
CTC-1B
1 98481U          25332.82173840  .00003584  00000-0  17687-3 0 00003
2 98481 097.4451 044.8348 0003092 295.9955 061.2772 15.17917918000016
0 BLACK KITE-1
1 66741U 25276CD  26204.16806301  .00008066  00000-0  36596-3 0  9997
2 66741  97.4228 277.3656 0004933 206.8277 153.2704 15.21064289 33191
AC1-003
1 98503C 25276CR  25332.83576965 -.00036690  00000+0 -18600-2 0    06
2 98503  97.4447  44.8487 0002976  25.2861  48.5664 15.17046294    18
0 OTTER SDM
1 66678U 25276N   26204.19417198  .00006055  00000-0  28315-3 0  9997
2 66678  97.4194 277.0787 0004866 218.2161 141.8730 15.20124446 35889
0 OBJECT XY
1 66912U 98067XY  26181.26850509  .04959706  12213-4  89989-3 0  9996
2 66912  51.6017 203.3402 0004540 328.5351  31.5400 16.31633310 32959
0 OBJECT XX
1 66911U 98067XX  26101.45822411  .06931681  12208-4  13558-2 0  9995
2 66911  51.5990 251.7761 0012204 297.7475  62.2310 16.30633237 20407
0 GRUS-1C
1 47933U 21022B   26204.30879184  .00000599  00000-0  54480-4 0  9995
2 47933  97.5342  86.2098 0011424 187.4330 172.6725 14.98737730291314
0 GRUS-1E
1 47935U 21022D   26204.32232521  .00000195  00000-0  20787-4 0  9992
2 47935  97.5366  87.5371 0008983 195.3668 164.7284 14.98962047291366
0 GRUS-1D
1 47936U 21022E   26204.32009868  .00000243  00000-0  24854-4 0  9992
2 47936  97.5343  86.5108 0010711 179.2379 180.8862 14.98765432291316
0 DUPLEX
1 66906U 98067XS  26203.96512448  .00050119  00000-0  50114-3 0  9999
2 66906  51.6259 108.4500 0002261 354.3683   5.7287 15.65075279 36250
0 FORESAIL-1 PRIME
1 66778U 25276DS  26204.23117181  .00004064  00000-0  19751-3 0  9994
2 66778  97.4185 276.8460 0002247  25.0792 335.0551 15.18986431 35874
0 KINEIS-5D
1 62082U 24219B   26204.24106029  .00000904  00000-0  15000-3 0  9996
2 62082  97.9189   2.1801 0005847 145.1027 215.0565 14.72504683 89066
USA 570
1 66992U 25291A   26183.87235361 0.00000000  00000-0  00000-0 0    09
2 66992  63.4418 110.8213 0113000 181.2820 178.7180 13.41003812    08
0 W-SERIES 4
1 64543U 25135R   26155.12839034  .19897838  22280-5  14009-3 0  9996
2 64543  97.4058 267.3464 0042699 124.9730 235.5596 16.49444068 52632
0 OBJECT A
1 66993U 25292A   26204.18044344  .00003198  00000-0  22012-3 0  9996
2 66993  97.6290 279.5397 0013834 232.0607 127.9371 15.06534453 33865
0 FORMOSAT-8A
1 66666U 25276A   26204.14381602  .00001437  00000-0  11791-3 0  9998
2 66666  97.6546 277.8448 0006574 105.8648 254.3301 15.00771443 35450
0 COSMOS 2582
1 62903U 25026B   26203.56081929  .00000814  00000-0  72002-4 0  9996
2 62903  81.9939  38.3976 0008559 305.9968  54.0457 14.95156509 79493
0 ALOS 2
1 39766U 14029A   26204.25511654  .00001165  00000-0  16281-3 0  9994
2 39766  97.9224 300.9037 0001615  94.8947 265.2448 14.79473785656915
0 THE ARAB SATELLITE 813
1 66994U 25292B   26204.22426502  .00004606  00000-0  31314-3 0  9992
2 66994  97.6313 279.6731 0013583 232.0763 127.9237 15.06767183 33879
0 SPACEMOBILE-006
1 67232U 25309A   26204.17388663  .00002949  00000-0  15556-3 0  9994
2 67232  52.9956 166.7813 0009463 242.7348 117.2682 15.18691485 32068
0 OBJECT D
1 66996U 25292D   26204.19973114  .00002720  00000-0  18946-3 0  9997
2 66996  97.6304 279.5149 0012884 233.6826 126.3212 15.06232171 33862
0 CO3D1
1 64903U 25156E   26204.22548046  .00004229  00000-0  19839-3 0  9996
2 64903  97.4333 282.2992 0001330  99.5240 260.6145 15.20199507 55006
0 OBJECT T
1 67265U 25313T   26204.17525447  .00008577  00000-0  35774-3 0  9995
2 67265  97.3917 278.3285 0013101 232.5662 127.4383 15.23847069 31435
0 OBJECT W
1 67268U 25313W   26204.16773532  .00006651  00000-0  28495-3 0  9990
2 67268  97.3932 278.2129 0013511 233.1090 126.8909 15.23020573 31427
0 OBJECT R
1 67263U 25313R   26204.16977346  .00008672  00000-0  36049-3 0  9993
2 67263  97.3936 278.3918 0013176 231.2566 128.7494 15.23955059 31434
0 OBJECT BB
1 67297U 25313BB  26204.13544312  .00010100  00000-0  39681-3 0  9994
2 67297  97.3928 278.8666 0007422 220.4908 139.5779 15.25860838 31465
0 OBJECT J
1 67256U 25313J   26204.14134871  .00009138  00000-0  38258-3 0  9993
2 67256  97.3910 278.1977 0014318 230.8726 129.1239 15.23684542 31420
0 OBJECT AT
1 67289U 25313AT  26204.15274065  .00013631  00000-0  51960-3 0  9998
2 67289  97.3917 278.9616 0008463 217.2271 142.8382 15.26782797 31479
0 OBJECT AY
1 67294U 25313AY  26204.15937403  .00010194  00000-0  40324-3 0  9999
2 67294  97.3922 278.8200 0007908 218.3336 141.7341 15.25627448 31468
0 OBJECT E
1 67252U 25313E   26204.15218285  .00007418  00000-0  30250-3 0  9995
2 67252  97.3928 278.6748 0009376 208.8097 151.2624 15.24694306 31457
0 OBJECT N
1 67260U 25313N   26204.14592096  .00006764  00000-0  29383-3 0  9996
2 67260  97.3932 278.0881 0012297 232.0665 127.9461 15.22555981 31417
0 OBJECT K
1 67257U 25313K   26204.14643307  .00009213  00000-0  38667-3 0  9991
2 67257  97.3917 278.2087 0014116 233.0780 126.9165 15.23600188 31429
0 OBJECT Y
1 67270U 25313Y   26204.16934460  .00008794  00000-0  36550-3 0  9993
2 67270  97.3926 278.3625 0013129 232.0232 127.9820 15.23957034 31432
0 OBJECT AV
1 67291U 25313AV  26204.19629719  .00014210  00000-0  53589-3 0  9998
2 67291  97.3915 279.0500 0008095 214.8705 145.2005 15.27131934 31482
0 OBJECT AR
1 67287U 25313AR  26204.14500439  .00009639  00000-0  38771-3 0  9990
2 67287  97.3919 278.6700 0008574 220.2934 139.7669 15.25078971 31455
0 OBJECT BA
1 67296U 25313BA  26204.14411117  .00010489  00000-0  41286-3 0  9994
2 67296  97.3927 278.8490 0007727 218.5553 141.5135 15.25787042 31464
0 OBJECT AW
1 67292U 25313AW  26204.16499407  .00010155  00000-0  40234-3 0  9992
2 67292  97.3922 278.8042 0008038 218.5417 141.5248 15.25575508 31460
0 OBJECT AZ
1 67295U 25313AZ  26204.22983227  .00007640  00000-0  31230-3 0  9991
2 67295  97.3924 278.7139 0009664 211.0570 149.0097 15.24602964 31466
0 OBJECT L
1 67258U 25313L   26204.13493424  .00009497  00000-0  39707-3 0  9994
2 67258  97.3912 278.2112 0014041 232.3058 127.6907 15.23723865 31421
0 OBJECT AU
1 67290U 25313AU  26204.17879827  .00009633  00000-0  38305-3 0  9994
2 67290  97.3917 278.7752 0008298 218.7575 141.3069 15.25465775 31467
0 OBJECT U
1 67266U 25313U   26204.16744897  .00009490  00000-0  39399-3 0  9999
2 67266  97.3943 278.4135 0013053 230.7821 129.2258 15.23972390 31430
0 OBJECT AN
1 67284U 25313AN  26204.16704832  .00004995  00000-0  21399-3 0  9990
2 67284  97.3907 278.2958 0009421 225.9651 134.0810 15.23191677 31431
0 OBJECT AH
1 67279U 25313AH  26204.14484709  .00007289  00000-0  31007-3 0  9996
2 67279  97.3908 278.1966 0012740 232.2687 127.7396 15.23239113 31427
0 OBJECT AX
1 67293U 25313AX  26204.15448356  .00003736  00000-0  16149-3 0  9994
2 67293  97.3922 278.3576 0010013 213.9848 146.0749 15.23046996 31436
0 ICEYE-X52
1 64572U 25135AW  26204.31299557  .00001651  00000-0  16155-3 0  9999
2 64572  97.7773 318.1719 0001920 165.6265 194.5010 14.93672644 59278
IGS Opt 6
1 43223U 18021A   26202.02340373 0.00000000  00000-0  00000-0 0    03
2 43223  97.3818 321.6089 0004771 104.2289 255.7710 15.27652477    09
Unknown Satellite
1 98424U 14087A   25365.46550792  .00000000  00000-0  13520-3 0    03
2 98424  97.5500  77.9404 0006729 146.6344 341.7667 15.19828235    06
0 BRO-20
1 66674U 25276J   26204.14645436  .00002512  00000-0  12552-3 0  9996
2 66674  97.4155 276.5473 0005099 227.6866 132.3937 15.18358934 35852
0 MAUVE
1 66756U 25276CU  26204.18119387  .00006520  00000-0  29655-3 0  9997
2 66756  97.4189 277.3760 0002620 143.6079 216.5335 15.21060195 35904
0 ION-SCV-022
1 66682U 25276S   26204.25678138  .00000683  00000-0  62623-4 0  9994
2 66682  97.5268 273.6400 0006993  61.8890 298.3039 14.97954395 35477
0 OBJECT S
1 67264U 25313S   26204.19778844  .00005713  00000-0  24771-3 0  9991
2 67264  97.4007 278.3787 0013412 239.0368 120.9551 15.22680080 31423
0 OBJECT Z
1 67271U 25313Z   26204.19213897  .00003899  00000-0  17423-3 0  9990
2 67271  97.3921 278.0120 0013611 230.8658 129.1369 15.21844708 31410
PANDORA
1 98415U          26011.57430556  .00000000  00000-0  50000-4 0    04
2 98415  97.4500  12.1270 0001449   0.0000 144.8055 15.13677675    00
0 CONNECTA IOT-16
1 67390U 26004AD  26204.23862044  .00002425  00000-0  12238-3 0  9992
2 67390  97.4604 202.6779 0003083 189.4567 170.6609 15.18055574 29218
0 CONNECTA IOT-15
1 67402U 26004AR  26204.26518573  .00002403  00000-0  12185-3 0  9991
2 67402  97.4583 202.5931 0003104 171.7688 188.3597 15.17899205 29206
0 CONNECTA IOT-14
1 67401U 26004AQ  26203.98509777  .00002388  00000-0  11827-3 0  9998
2 67401  97.4527 202.5078 0008711 205.4166 154.6641 15.18720954 29199
0 CONNECTA IOT-13
1 67400U 26004AP  26203.73222520  .00002120  00000-0  10717-3 0  9999
2 67400  97.4578 202.2232 0007381 216.6760 143.3970 15.18133223 29141
DCUBED-1
1 98416U          26011.57430556  .00000000  00000-0  50000-4 0    05
2 98416  97.4500  12.1270 0001449   0.0000 144.8055 15.13677675    01
CARSBSAR
1 98417U          26011.57430556  .00000000  00000-0  50000-4 0    06
2 98417  97.4500  12.1270 0001449   0.0000 144.8055 15.13677675    02
SPARCS
1 98418U          26011.57430556  .00000000  00000-0  50000-4 0    07
2 98418  97.4500  12.1270 0001449   0.0000 144.8055 15.13677675    03
0 FLAMINGO-1
1 67391U 26004AE  26202.30871602  .00001227  00000-0  64120-4 0  9996
2 67391  97.4564 200.7064 0005193 191.4665 168.6452 15.17747701 28925
Hydra-2
1 98414U          26011.61429188  .00000000  00000-0  10027-2 0  9997
2 98414  97.4560  12.9912 0004309 139.7313 219.8438 15.16782699    16
0 TANDEM X
1 36605U 10030A   26203.49713300  .00000152  00000-0  10451-4 0  9997
2 36605  97.4465 210.7021 0001823 100.4354 259.7087 15.19149439892004
0 TERRA SAR X
1 31698U 07026A   26203.49713428  .00000259  00000-0  15523-4 0  9999
2 31698  97.4457 210.7016 0001797  80.1769 279.9668 15.19149840 58582
0 OBJECT AK
1 67281U 25313AK  26204.14650862  .00004810  00000-0  20832-3 0  9995
2 67281  97.3865 278.0703 0010667 228.0916 131.9411 15.22829907 31424
0 OBJECT AJ
1 67280U 25313AJ  26204.15938690  .00004968  00000-0  21560-3 0  9996
2 67280  97.3981 278.3608 0011891 229.6021 130.4179 15.22732144 31424
0 NORSAT 3
1 48272U 21034E   26204.30165913  .00004619  00000-0  32479-3 0  9993
2 48272  97.5296 260.7056 0007903 167.6828 192.4593 15.05547317285271
0 CHEOPS
1 44874U 19092B   26204.08478489  .00000253  00000-0  59775-4 0  9997
2 44874  98.1511  31.8522 0010335 354.7866   5.3226 14.61986293351147
0 ZY 3 04
1 67131U 25300A   26204.14338432  .00003970  00000-0  18031-3 0  9995
2 67131  97.4717 281.7761 0006887 177.8086 182.3181 15.21344864 33304
NOSS 3-7 (A)
1 40964U 15058A   26157.94350875 0.00000000  00000-0  00000-0 0    07
2 40964  63.4334 100.0701 0211655 358.3492   1.6508 13.41000764    07
0 LIDE
1 64869U 25154A   26204.08053500  .00002729  00000-0  25742-3 0  9998
2 64869  97.6704 267.0998 0006902 108.4847 251.7124 14.94564509 54365
0 RADARSAT 2
1 32382U 07061A   26204.28271815  .00000104  00000-0  57179-4 0  9998
2 32382  98.5795 210.7005 0001320  86.4441 273.6892 14.29980953971117
0 OBJECT B
1 66651U 25274B   26203.76764172  .00002018  00000-0  19753-3 0  9996
2 66651  97.7464 132.3741 0010409 229.8494 130.1814 14.93384707 35525
0 TIGER-8
1 59120U 24043Y   26204.29401281  .00009201  00000-0  19505-3 0  9996
2 59120  97.5578 354.3690 0008766  78.6890 281.5342 15.45276985133368
0 HJS-6B
1 63429U 25067B   26204.25647124  .00002683  00000-0  14095-3 0  9990
2 63429  54.9940 230.0085 0010364  71.9870 288.2278 15.19156546 73427
0 LEOPARD
1 67687U 98067YD  26204.12471884  .00085394  00000-0  86153-3 0  9998
2 67687  51.6278 112.5463 0004404 326.6623  33.4094 15.64619846 25827
0 HMU-SAT2
1 67688U 98067YE  26203.46145236  .00087104  00000-0  77438-3 0  9991
2 67688  51.6256 114.1030 0003790 331.9601  28.1191 15.67764639 25748
0 UITMSAT
1 67686U 98067YC  26202.79133952  .00104874  00000-0  84688-3 0  9995
2 67686  51.6238 116.3579 0003456 334.3281  25.7545 15.70026060 25736
0 CORAL
1 67684U 98067YA  26203.43070225  .00735526  25143-3  15613-2 0  9991
2 67684  51.6128 103.9810 0003594 254.4270 105.6343 15.98140527 25958
0 KNACKSAT-2
1 67683U 98067XZ  26204.25230709  .00054830  00000-0  59136-3 0  9999
2 67683  51.6273 112.6377 0007454 354.3723   5.7186 15.63087127 25914
0 GXIBA-1
1 67685U 98067YB  26204.14600384  .00069984  00000-0  68754-3 0  9991
2 67685  51.6258 111.9142 0007885 349.8243  10.2591 15.65346445 25919
0 LOGSATS
1 62689U 25009CJ  26098.74662697  .12544300  24838-5  19322-2 0  9997
2 62689  97.3596 191.3193 0013238 279.5788  80.4012 16.33862094 68979
0 ICEYE-X62
1 66755U 25276CT  26204.17647176  .00005203  00000-0  32215-3 0  9990
2 66755  97.4178 275.2573 0001409 195.1789 164.9399 15.10207079 35766
0 LEMUR-2 GRAM-E-SUE
1 67370U 26004H   26204.26532496  .00002193  00000-0  24105-3 0  9996
2 67370  97.7994 202.2579 0008118  38.5848 321.5948 14.88617572 28664
0 SJ-30A
1 66545U 25266A   26204.24454219  .00006861  00000-0  37374-3 0  9990
2 66545  51.7987  10.5045 0006726  12.4817 347.6324 15.15471518 37326
0 ORBASTRO-TR5
1 63236U 25052AC  26204.18945000  .00004355  00000-0  19181-3 0  9995
2 63236  97.3793  95.2017 0005137  48.9460 311.2220 15.22337048 75290
0 IRIDE FM4
1 66698U 25276AJ  26204.23086905  .00005757  00000-0  26961-3 0  9995
2 66698  97.4169 277.0915 0002882 215.3688 144.7356 15.20103887 35897
HErO
1 98388U 14900A   26064.12755787  .00000000  00000-0  00000-0 0    03
2 98388  97.4566 147.8115 0001824 270.0767  71.5898 15.21229641    07
TATARA-1R
1 98390U 14900A   26064.12755787  .00000000  00000-0  00000-0 0    06
2 98390  97.4566 147.8115 0001824 270.0767  71.5898 15.21229641    00
SC-Sat1a
1 98389U 14900A   26064.12755787  .00000000  00000-0  00000-0 0    04
2 98389  97.4566 147.8115 0001824 270.0767  71.5898 15.21229641    08
AETS-1
1 98387U 14900A   26064.12755787  .00000000  00000-0  00000-0 0    02
2 98387  97.4566 147.8115 0001824 270.0767  71.5898 15.21229641    06
0 IOD2_STARTICAL
1 64538U 25135L   26204.31192167  .00003770  00000-0  17507-3 0  9996
2 64538  97.4723 318.5905 0005829  63.3050 296.8781 15.20615637 60319
0 TEN-KOH 2
1 68261U 25241B   26204.14541667  .00006503  00000-0  27633-3 0  9993
2 68261  51.6562 148.4489 0004728 258.3982 101.6465 15.24236042 20392
0 OBJECT G
1 67254U 25313G   26204.11639984  .00030394  00000-0  36571-3 0  9997
2 67254  97.0822 281.6052 0003550  97.4745 262.6917 15.60779990 32211
0 OBJECT H
1 67255U 25313H   26204.16223539  .00001504  00000-0  98761-4 0  9999
2 67255  97.2842 270.1778 0067627 209.3100 150.4328 15.07236133 31079
0 ICEYE-X61
1 66754U 25276CS  26204.20457127  .00002887  00000-0  14268-3 0  9991
2 66754  97.4182 277.0228 0002930 182.2757 177.8465 15.18642050 35889
0 OBJECT R
1 66681U 25276R   26204.18266380  .00016794  00000-0  67464-3 0  9994
2 66681  97.4099 277.7180 0004101 229.8096 130.2783 15.25011011 35943
0 OBJECT H
1 66673U 25276H   26204.16347719  .00012204  00000-0  50933-3 0  9994
2 66673  97.4146 277.5531 0005349 230.6068 129.4696 15.23793776 35923
0 OBJECT AP
1 67285U 25313AP  26204.15133443  .00006475  00000-0  26920-3 0  9994
2 67285  97.3904 278.4538 0009125 226.0925 133.9560 15.24092972 31442
0 LEMUR 2 AFFIE-WAUWIE
1 66295U 25248C   26204.21280272  .00020771  00000-0  74289-3 0  9997
2 66295  45.3913 279.5994 0009333 293.1633  66.8272 15.28503726 40100
0 LEMUR 2 AMANDA-SVANTE
1 48269U 21034B   26204.20252856  .00036673  00000-0  10330-2 0  9997
2 48269  97.5742 283.4904 0004786 125.9635 234.2053 15.36348536286583
0 GLOBAL-5
1 55983U 23041C   26203.70739089  .00015443  00000-0  39839-3 0  9998
2 55983  42.0019 354.1465 0009259 260.1116  99.8678 15.38847788187404
0 GLOBAL-33
1 66554U 25267A   26204.03853272  .00011273  00000-0  30756-3 0  9990
2 66554  42.0178 207.5982 0008718 153.5432 206.5854 15.37343068 37561
0 LEMUR 2 LANGER2SPACE
1 63358U 25061H   26203.89429564  .00003665  00000-0  20196-3 0  9990
2 63358  97.5638 179.3885 0018095 130.2936 229.9881 15.14503456 73028
0 BLACK KITE-1
1 66741U 25276CD  26204.16806301  .00008066  00000-0  36596-3 0  9997
2 66741  97.4228 277.3656 0004933 206.8277 153.2704 15.21064289 33191
0 OBJECT A
1 58820U 24016A   26204.27040120  .00039112  00000-0  53929-3 0  9993
2 58820  97.4476 301.1179 0004687 260.9539  99.1186 15.57106726139684
0 OBJECT F
1 67253U 25313F   26203.95587356  .00030477  00000-0  36630-3 0  9990
2 67253  97.0813 281.5222 0004930 124.3429 235.8296 15.60801761 32203
0 OBJECT C
1 67748U 26027C   26204.31242656  .00004713  00000-0  22739-3 0  9993
2 67748  97.5106 332.2658 0012179  94.9386 265.3239 15.19116049 24441
0 RASSVET-3 14
1 68373U 26061P   26204.08832214  .00043005  00000-0  32845-3 0  9991
2 68373  82.2937 332.4679 0008516 354.4088   5.7077 15.71949890 19207
0 OBJECT AF
1 67277U 25313AF  26204.16539537  .00006350  00000-0  27257-3 0  9996
2 67277  97.3894 278.1279 0012297 236.1129 123.8939 15.22989748 31422
WINNEBAGO 06
1 98357C 26066AX  26089.50644153 -.00021799  00000+0 -10992-2 0    00
2 98357  97.4426  49.1605 0002517  19.0277  10.5102 15.17232642    15
VIREON-2
1 98349C 26067F   26089.49773563 -.00014857  00000+0 -72769-3 0    06
2 98349  97.4450  49.1587 0002503 123.2850 218.7612 15.18244923    16
CYCLOPS-1
1 98350C 26067T   26089.49942544 -.00020853  00000+0 -10285-2 0    02
2 98350  97.4520  49.1589 0000707 161.0262 190.2316 15.18005631    15
VIGORIDE
1 98359C 26066AS  26089.50558273 -.00006157  00000+0 -30670-3 0    06
2 98359  97.4424  49.1595 0000674 359.9242  24.9258 15.17658170    12
0 AIGLONSAT-1
1 68437U 26067X   26203.19917920  .00015844  00000-0  72814-3 0  9997
2 68437  97.4513 161.2635 0000593  46.1009 314.0275 15.20454928 17268
0 UNICORN-2S
1 68475U 26067BM  26204.13986238  .00010583  00000-0  10334-2 0  9995
2 68475  97.7509 161.7166 0002581 327.3711  32.7349 14.92577805 16561
UNICORN-2R
1 98353C 26067BH  26089.56063215 -.00072091  00000+0 -73836-2 0    04
2 98353  97.7465  49.0705 0004127 349.1024 334.3763 14.90616544    10
0 OBJECT BT
1 68481U 26067BT  26204.10984940  .00000694  00000-0  73640-4 0  9990
2 68481  97.7693 161.9682 0002785 164.1293 196.0014 14.92175402 17083
0 T.MICROSAT-2
1 68433U 26067T   26204.19425736  .00004663  00000-0  23457-3 0  9999
2 68433  97.4582 162.0271 0003972 311.7919  48.2975 15.17704717 17397
SPACEVAN 2
1 98358C 26066AW  26089.50622046 -.00013155  00000+0 -65649-3 0    05
2 98358  97.4405  49.1592 0000895  26.8142   1.5212 15.17592748    10
SHARJAH-SAT 2
1 98363C 26067V   26089.49984326 -.00012757  00000+0 -63026-3 0    06
2 98363  97.4513  49.1596 0000455 143.3402 210.2007 15.17945209    11
SAL-E
1 68458U 26067AU  26203.12050365  .00007719  00000-0  38050-3 0  9990
2 68458  97.4493 160.8764 0004435 332.8223  27.2778 15.18207755 17237
0 OBJECT BD
1 68467U 26067BD  26203.31681719  .00018197  00000-0  84523-3 0  9992
2 68467  97.4417 161.1281 0004535 339.0690  21.0358 15.20047829 17276
0 OBJECT A
1 68416U 26067A   26202.33122061  .00004770  00000-0  22558-3 0  9999
2 68416  97.4564 160.4965 0003603 121.3262 238.8326 15.19853980 17135
0 PARUS-6U1
1 68456U 26067AS  26203.85727895  .00005317  00000-0  26591-3 0  9996
2 68456  97.4569 161.6849 0003990 316.4031  43.6887 15.17851703 17344
0 OPTISAT
1 68418U 26067C   26203.67788743  .00004398  00000-0  21205-3 0  9998
2 68418  97.4601 161.8160 0003346 134.0437 226.1074 15.19223708 17331
0 LUNA-2
1 68470U 26067BG  26202.35071737  .00004561  00000-0  22909-3 0  9992
2 68470  97.4495 160.0700 0005554 325.1222  34.9647 15.17766608 17115
LILIUM-4
1 98391C 26067AC  26089.50133053 -.00014632  00000+0 -74472-3 0    03
2 98391  97.4497  49.1617 0004341   5.9603 355.7042 15.16896692    15
0 OBJECT B
1 68417U 26067B   26203.12723685  .00006406  00000-0  30251-3 0  9994
2 68417  97.4584 161.2995 0003472 121.6282 238.5292 15.19772063 17253
0 ION SCV-019
1 68435U 26067V   26203.81366018  .00003614  00000-0  17160-3 0  9995
2 68435  97.4565 161.8881 0007778 278.2483  81.7870 15.19858777 17355
IO-1
1 98348C 26067BQ  26089.56125831 -.00083000  00000+0 -84054-2 0    07
2 98348  97.7477  49.0697 0002170   6.1545 320.6790 14.91078349    15
0 HADES-SA (SPINNYONE)
1 68446U 26067AG  26202.33075419  .00013557  00000-0  62969-3 0  9999
2 68446  97.4419 160.1456 0005116 341.4904  18.6144 15.20113173 17113
GRAVITAS
1 98355C 26066BB  26089.55429037 -.00066622  00000+0 -66475-2 0    06
2 98355  97.7519  49.0603 0001441 291.2423 358.1870 14.91667363    14
GEMS2 AMETHYST
1 98354C 26066BE  26089.56114338 -.00079475  00000+0 -80259-2 0    07
2 98354  97.7510  49.0679 0003524 323.0444   3.1677 14.91186189    12
GARAI B
1 98361C 26067AN  26089.50366734 -.00003564  00000+0 -18032-3 0    06
2 98361  97.4484  49.1644 0003509  15.7336 358.6906 15.17105218    14
FOSSASAT-2E
1 98351C 26067BT  26089.56152220 -.00073743  00000+0 -73055-2 0    05
2 98351  97.7527  49.0666 0002264 140.9448 187.2918 14.91955055    11
FGN 100 D3
1 98360C 26067AR  26089.50501456 -.00022081  00000+0 -11164-2 0    00
2 98360  97.4449  49.1646 0003388  23.7550 358.0272 15.17137345    14
0 ERMIS3
1 68425U 26067K   26203.82574448  .00006164  00000-0  29653-3 0  9996
2 68425  97.4603 161.9299 0001913 135.0575 225.0814 15.19147411 17355
0 OBJECT E
1 68420U 26067E   26203.83345962  .00010138  00000-0  46898-3 0  9995
2 68420  97.4489 161.9123 0003514  99.4775 260.6858 15.20331349 17363
0 DB-BECON-2-VU
1 68468U 26067BE  26204.18234930  .00008545  00000-0  42062-3 0  9996
2 68468  97.4560 162.0159 0004670 304.6667  55.4127 15.18223270 17393
0 EMISAR
1 68427U 26067M   26203.33436469  .00008391  00000-0  39399-3 0  9996
2 68427  97.4561 161.4549 0001778 134.9552 225.1827 15.19875426 17286
0 DISCO-2
1 68431U 26067R   26203.68144265  .00007817  00000-0  37080-3 0  9996
2 68431  97.4616 161.8373 0001492 157.9553 202.1746 15.19549053 17335
0 FEMTO-1
1 68419U 26067D   26203.67964762  .00002282  00000-0  11193-3 0  9991
2 68419  97.4563 161.7490 0003203 113.0142 247.1431 15.19115363 17333
0 COSMO
1 68460U 26067AW  26203.84257635  .00012731  00000-0  61961-3 0  9998
2 68460  97.4500 161.6210 0004380 326.2844  33.8111 15.18507862 17347
BRO 19
1 98364U          26095.63073419 +.00006059 +00000+0 +29926-3 0 00154
2 98364  97.4429  55.1931 0002637 103.8937 256.2591 15.18233373000938
0 BLACK KITE-2
1 68474U 26067BL  26203.14036026  .00001868  00000-0  18644-3 0  9994
2 68474  97.7567 160.9179 0003634 108.8593 251.3021 14.92722319 16949
0 FEMTO-1
1 68419U 26067D   26203.67964762  .00002282  00000-0  11193-3 0  9991
2 68419  97.4563 161.7490 0003203 113.0142 247.1431 15.19115363 17333
Unknown 2 - T16
1 98345C 26066AB  26089.50170542 -.00003004  00000+0 -14893-3 0    07
2 98345  97.4431  49.1553 0000362 126.4920 237.1910 15.17819254    18
Unknown 5 - T16
1 98342C 26066H   26089.49848319 -.00017647  00000+0 -86272-3 0    04
2 98342  97.4377  49.1533 0003071 132.7149 213.3884 15.18310102    10
0 OUT OF THE BOX
1 68428U 26067N   26202.59259364  .00001960  00000-0  97753-4 0  9995
2 68428  97.4595 160.6471 0001054 147.8877 212.2422 15.18705310 17167
0 FFLY-1
1 65320U 25188F   26204.23600472  .00001223  00000-0  12381-3 0  9994
2 65320  97.7364 278.8611 0010914  60.6946 299.5363 14.92727571 49288
0 ELEKTRO-L 5
1 67756U 26028A   26203.95337072 -.00000093  00000-0  00000-0 0  9991
2 67756   0.1981 329.4055 0002088 176.7205 213.8760  1.00271750  1614
0 OBJECT J
1 68635U 26074J   26204.06822760  .00013504  00000-0  52258-3 0  9990
2 68635  60.0240  40.1361 0034645  51.7849 308.6343 15.25989755 16261
0 RAWHIDE-1
1 68629U 26074C   26203.97353377  .00002970  00000-0  12887-3 0  9994
2 68629  60.0211  40.8037 0034852  49.9680 310.4450 15.24705847 16246
0 OBJECT E
1 68631U 26074E   26203.97325498  .00004569  00000-0  19149-3 0  9994
2 68631  60.0214  40.7993 0033286  52.5228 307.8872 15.24808459 16241
0 LPNTSAT-002
1 68409U 26065B   26204.14818118  .00006504  00000-0  30758-3 0  9993
2 68409  97.3962  83.9600 0012195 228.9177 131.1005 15.19652852 17705
0 OBJECT A
1 67646U 26021A   26204.15509426  .00005572  00000-0  23833-3 0  9997
2 67646  97.4570 277.6929 0013335  46.4606 313.7736 15.23160227 26340
0 PRAETORIAN SDA_610
1 65573U 25203J   26203.34337495  .00000107  00000-0  86424-4 0  9995
2 65573  81.3030 338.2255 0007888 103.1751 257.0285 13.83529321 43553
0 MR-1
1 67557U 26015B   26204.15635165  .00000034  00000-0  33678-4 0  9998
2 67557  88.9983 264.8963 0002973  13.3398 346.7833 13.52671175 24573
0 CENTISPACE-2 S8
1 68357U 26060H   26203.54210469  .00000227  00000-0  96284-4 0  9991
2 68357  54.9856 255.8518 0008553 278.1636  81.8383 14.53073337 17922
0 MR-2
1 67556U 26015A   26204.15296155  .00000026  00000-0  21251-4 0  9994
2 67556  88.9984 264.8964 0002967  15.0278 345.0962 13.52696760 24575
0 RAWHIDE-2
1 68632U 26074F   26203.26386958  .00002351  00000-0  10293-3 0  9993
2 68632  60.0312  43.1684 0033428  54.0707 306.3468 15.25261699 16135
0 OPTISAT
1 68418U 26067C   26203.67788743  .00004398  00000-0  21205-3 0  9998
2 68418  97.4601 161.8160 0003346 134.0437 226.1074 15.19223708 17331
0 ICEYE-X59
1 66752U 25276CQ  26204.14668702  .00004209  00000-0  33582-3 0  9995
2 66752  97.4407 273.9083 0001474 126.1694 233.9667 15.00803759 35660
0 ICEYE-X60
1 66753U 25276CR  26202.42565852  .00004036  00000-0  24564-3 0  9995
2 66753  97.4208 274.0787 0002126 166.7579 193.3708 15.10963354 35530
0 MAGNARO-II
1 68798U 26088G   26204.15668057  .00003739  00000-0  23963-3 0  9992
2 68798  97.5110 352.7971 0017837 321.3606  38.6345 15.09004093 13727
0 MAGNARO-II
1 68798U 26088G   26204.15668057  .00003739  00000-0  23963-3 0  9992
2 68798  97.5110 352.7971 0017837 321.3606  38.6345 15.09004093 13727
0 ORIGAMISAT-2
1 68795U 26088D   26203.37061994  .00012732  00000-0  79744-3 0  9990
2 68795  97.5102 352.0112 0013746 320.2463  39.7758 15.09425984 13602
0 OBJECT A
1 68792U 26088A   26203.34506220  .00003603  00000-0  24378-3 0  9990
2 68792  97.5114 351.7358 0013870 353.9306   6.1751 15.07079013 13581
0 OBJECT F
1 68797U 26088F   26204.16799279  .00006155  00000-0  39248-3 0  9991
2 68797  97.5094 352.7704 0014241 318.0309  41.9828 15.08987600 13726
0 OBJECT B
1 68793U 26088B   26204.26085514  .00002490  00000-0  16887-3 0  9990
2 68793  97.5104 352.6552 0014799 346.0624  14.0193 15.07254770 13723
0 OBJECT E
1 68796U 26088E   26203.31647317  .00003296  00000-0  21395-3 0  9998
2 68796  97.5098 351.9153 0014447 322.3345  37.6871 15.08663927 13592
0 LPNTSAT-001
1 68408U 26065A   26204.11920820  .00002117  00000-0  10506-3 0  9998
2 68408  97.3971  83.8632 0014850 235.8618 124.1208 15.18696469 17714
0 BLACKCAT
1 67369U 26004G   26202.92684900  .00001168  00000-0  13388-3 0  9995
2 67369  97.7998 200.7866 0008239  41.0197 319.1638 14.87756517 28456
0 FFLY-2
1 65322U 25188H   26204.21562252  .00001255  00000-0  12688-3 0  9992
2 65322  97.7353 278.8370 0012719  12.4170 347.7360 14.92738484 49287
0 BALKAN-2
1 69024U 26100AW  26204.17256624  .00005253  00000-0  24411-3 0  9997
2 69024  97.4023 101.3366 0002005 201.9295 158.1855 15.20409120 12272
0 PEARL-1A
1 68990U 26100L   26203.53186435  .00001346  00000-0  14147-3 0  9993
2 68990  97.7269 100.1823 0006698  56.2336 303.9520 14.91072880 11962
SNAPPY
1 98309U          26123.29305556  .00000000  00000-0  50000-4 0    00
2 98309  97.3900  21.0349 0014528   0.0000 144.7244 15.20279983    00
0 BALKAN-2
1 69024U 26100AW  26204.17256624  .00005253  00000-0  24411-3 0  9997
2 69024  97.4023 101.3366 0002005 201.9295 158.1855 15.20409120 12272
0 BRO-21
1 69007U 26100AD  26204.29535148  .00002616  00000-0  11879-3 0  9996
2 69007  97.4001 101.5954 0006123 294.0723  65.9872 15.21657225 12296
0 OBJECT K
1 68989U 26100K   26204.14183111  .00001691  00000-0  17667-3 0  9990
2 68989  97.7350 100.8374 0006838  29.6985 330.4621 14.90984926 12059
0 DRISHTI
1 69010U 26100AG  26204.15186632  .00002130  00000-0  10029-3 0  9992
2 69010  97.3997 101.3265 0003494 259.9508 100.1333 15.20605563 12274
0 EYCORE-1
1 69011U 26100AH  26204.14303207  .00004251  00000-0  19530-3 0  9993
2 69011  97.4003 101.3502 0002583 267.3643  92.7297 15.20915200 12276
0 SELENE
1 69020U 26100AS  26204.18495342  .00005367  00000-0  25072-3 0  9996
2 69020  97.3996 101.2861 0003280 187.1263 172.9926 15.20217460 12278
0 HELIOS
1 69021U 26100AT  26204.17744844  .00006695  00000-0  30998-3 0  9998
2 69021  97.3980 101.2765 0003582 198.2663 161.8444 15.20434689 12273
0 FRONTIERSAT
1 69015U 26100AM  26203.95776739  .00008793  00000-0  38546-3 0  9992
2 69015  97.3953 101.2319 0006047 280.9723  79.0832 15.22210863 12264
0 OBJECT W
1 69000U 26100W   26203.66591248  .00001703  00000-0  17200-3 0  9992
2 69000  97.7280 100.4796 0002363 101.3035 258.8450 14.92343547 11998
0 NULINK-2
1 68994U 26100Q   26204.18650324  .00001357  00000-0  13715-3 0  9994
2 68994  97.7291 101.0345 0001581 125.2312 234.9055 14.92655483 12073
0 OBJECT Y
1 69002U 26100Y   26133.16667823  .00039316  00000-0  36618-2 0  9998
2 69002  97.7019  30.4227 0010353 160.6012  60.3080 14.94099745  1301
0 PEARL-1B
1 68980U 26100A   26204.15819697  .00001726  00000-0  18149-3 0  9992
2 68980  97.7321 100.7914 0008279  38.2936 321.8869 14.90689000 12042
HYDRA-3
1 98308U          26123.40776256  .00000000  00000-0  50000-4 0    01
2 98308  97.3900  21.9297 0014528   0.0000  48.1116 15.20279983    05
0 CRYOSAT 2
1 36508U 10013A   26204.26460532  .00000067  00000-0  15978-4 0  9996
2 36508  92.0353 286.0721 0002513  98.7027 261.4465 14.51899959863315
0 PEXT
1 64874U 25154F   26204.16976759  .00002751  00000-0  12849-3 0  9992
2 64874  97.3943 268.5048 0003928 136.3925 223.7621 15.20637066 55313
0 CENTISPACE-1 S11
1 62580U 25007F   26204.27077900 -.00000063  00000-0  73318-4 0  9997
2 62580  54.9764 164.9075 0011149 158.1990 201.9443 13.80617652 79715
0 SDA_1667
1 65977U 25230D   26204.02558175  .00000098  00000-0  81057-4 0  9995
2 65977  81.2991 179.0199 0001154  92.0358 268.0929 13.81442387 38738
0 IRIS
1 39197U 13033A   26204.12425528  .00000924  00000-0  11174-3 0  9994
2 39197  97.9318  43.2879 0023888 198.1989 161.8374 14.85948606705716
0 ICEYE-X54
1 64570U 25135AU  26204.30926047  .00003346  00000-0  31351-3 0  9995
2 64570  97.7742 318.3900 0002780 166.2107 193.9190 14.94715569 59292
0 ICEYE-X75
1 68497U 26067CK  26203.84387788  .00001088  00000-0  11233-3 0  9991
2 68497  97.7610 161.5922 0002018 133.2738 226.8649 14.92186768 17041
0 VEGA
1 68430U 26067Q   26203.61465982  .00007966  00000-0  37830-3 0  9998
2 68430  97.4505 161.6199 0002001 103.0162 257.1296 15.19499411 17321
0 SDA_1684
1 65994U 25230W   26204.21066152  .00000080  00000-0  67822-4 0  9999
2 65994  81.3005 179.2996 0001827  84.7586 275.3776 13.78095118 38732
0 AEPEX
1 68506U 26067CU  26202.83881736  .00008228  00000-0  39040-3 0  9991
2 68506  97.4530 160.8519 0002698   7.5386 352.5888 15.19517614 17084
0 OBJECT K
1 68989U 26100K   26204.14183111  .00001691  00000-0  17667-3 0  9990
2 68989  97.7350 100.8374 0006838  29.6985 330.4621 14.90984926 12059
0 ORBASTRO-JEN1
1 69006U 26100AC  26203.96797760  .00004709  00000-0  21856-3 0  9999
2 69006  97.4003 101.1280 0002447 224.8966 135.2072 15.20508585 12241
0 MENUT
1 55010U 23001B   26204.26502904  .00086172  00000-0  85546-3 0  9994
2 55010  97.3098 273.4264 0000708 347.9229  12.2014 15.65498645198032
0 PLATERO
1 58262U 23174G   26203.72610772  .00037338  00000-0  36116-3 0  9999
2 58262  97.3924 303.4908 0002905 321.2570  38.8481 15.66340284151741
0 EWS-G3
1 35491U 09033A   26204.27962921 -.00000355  00000-0  00000-0 0  9993
2 35491   1.7801  82.5955 0002256  39.5152  39.5365  1.00094604  6950
IGS Radar 5
1 42072U 17015A   26200.92766205 0.00000000  00000-0  00000-0 0    09
2 42072  97.3740 271.5763 0005466 127.5745 232.4683 15.25980603    07
0 DEIMOS 1
1 35681U 09041A   26204.26990899  .00000396  00000-0  65620-4 0  9994
2 35681  97.7448 359.9418 0002796  81.9465 278.2062 14.75269047912206
0 NOAA 6
1 11416U 79057A   26204.05478234  .00000207  00000-0  87063-4 0  9995
2 11416  98.5621 233.2796 0010597 145.9727 214.2140 14.35512199456105
0 ICEYE-X78
1 68995U 26100R   26204.16169825  .00000586  00000-0  63522-4 0  9999
2 68995  97.7324 100.9435 0003131  38.5668 321.5774 14.91822384 12067
0 BRO-22
1 69504U 26132C   26204.11357270  .00001803  00000-0  15002-3 0  9991
2 69504  97.6823 267.3313 0017507 152.5310 207.6843 14.99832539  6169
0 DAQI-2
1 68760U 26084A   26204.21112373  .00000356  00000-0  88339-4 0  9990
2 68760  98.2858 278.2229 0001958  28.2747 331.8558 14.57552673 14142
0 PRAETORIAN SDA_613
1 65576U 25203M   26204.31462277  .00000090  00000-0  71789-4 0  9992
2 65576  81.3021 337.5373 0006830  96.7254 263.4680 13.82768742 43674
0 SDA_1664
1 65974U 25230A   26204.19257380  .00000132  00000-0  11747-3 0  9991
2 65974  81.2993 179.2213 0001300 108.2502 251.8794 13.79061067 38739
0 OBJECT G
1 64882U 25155G   26204.26798762  .00009458  00000-0  32720-3 0  9990
2 64882  97.4602 172.9298 0009025  60.7225 299.4917 15.30070388 86273
0 OBJECT J
1 64884U 25155J   26204.26751534  .00010174  00000-0  35166-3 0  9992
2 64884  97.4587 172.8921 0009100  51.1417 309.0634 15.30076494 86278
0 NULINK-1
1 69002U 26100Y   26203.24089175  .00001015  00000-0  10365-3 0  9990
2 69002  97.7312 100.1392 0000995 166.4153 193.7093 14.92766982 11922
0 SPACEMOBILE-008
1 69589U 26139A   26204.14673180  .00000626  00000-0  52210-4 0  9990
2 69589  52.9952  99.3063 0005391  74.0305 286.1279 15.12815414  5426
0 FENGYUNG-4C
1 67246U 25312A   26194.65865777 -.00000328  00000-0  00000-0 0  9995
2 67246   0.0385 175.3203 0000658  48.7481  77.5697  1.00269440  2048
0 SPACEMOBILE-010
1 69591U 26139C   26204.08713962  .00001314  00000-0  91551-4 0  9995
2 69591  52.9951  99.6437 0005617  64.2078 295.9492 15.12552732  5421
0 SPACEMOBILE-009
1 69590U 26139B   26204.08317279  .00001287  00000-0  89615-4 0  9992
2 69590  52.9945  99.6160 0005605  71.6496 288.5104 15.12715669  5416
0 OBJECT F
1 68203U 26052F   26204.19319157  .00006225  00000-0  36545-3 0  9995
2 68203  97.5330 278.5655 0010792 172.7279 187.4110 15.12032037 19499
0 HOKUSHIN1
1 69648U 98067YH  26204.02404798  .00029741  00000-0  50288-3 0  9990
2 69648  51.6317 122.3766 0006044 357.3723   2.7234 15.51316897  5211
0 OBJECT D
1 69100U 26106D   26204.29331006  .00001798  00000-0  11020-3 0  9991
2 69100  97.5064 285.7225 0014930  51.3312 308.9251 15.11342463 10438
0 OBJECT E
1 68202U 26052E   26204.14989844  .00007196  00000-0  42512-3 0  9994
2 68202  97.5331 278.4746 0011456 180.5057 179.6164 15.11748136 19482
0 OBJECT E
1 69101U 26106E   26204.28016681  .00007253  00000-0  42653-3 0  9998
2 69101  97.5065 285.7414 0017551  52.4111 307.8709 15.11832201 10431
0 TERRA
1 25994U 99068A   26204.24709906  .00000310  00000-0  72008-4 0  9997
2 25994  97.9435 252.3598 0003655 107.0530 328.4031 14.61128256414878
COCONUT
1 98292U          26183.37500000  .00000100  00000+0  13146-3 0  9993
2 98292  51.6458 224.8870 0010677 125.5812  33.0212 15.48446246 57363
PROVES - Electra
1 98290U 26002A   26183.44444444  .00002000  00000-0  10000-4 0  9997
2 98290 051.6561 224.5631 0008446 154.9191 031.3137 15.47694428000018
PROVES - Alcyone
1 98289U 26003B   26183.36805556  .00002000  00000-0  10000-4 0  9992
2 98289 051.6206 224.9162 0004402 050.6302 069.1834 15.50413163000011
PROVES - Atlas
1 98288U 26003A   26183.36805556  .00002000  00000-0  10000-4 0  9991
2 98288 051.6206 224.9162 0004402 050.6302 069.1834 15.50413163000010
0 OBJECT YJ
1 69794U 98067YJ  26204.04396693  .00039447  00000-0  68495-3 0  9991
2 69794  51.6312 122.5055 0007661 337.9458  22.1200 15.50414828  3215
0 LEMUR 2 MJR092620
1 58340U 23174CN  26204.15734928  .00020250  00000-0  41510-3 0  9993
2 58340  97.3967 294.8801 0004513 359.8733   0.2514 15.46086523151207
0 ICEYE-X71
1 68494U 26067CG  26204.00002315 -.00027924  00000-0 -27318-2 0  9996
2 68494  97.7615 161.6871 0000476 224.6240  48.7915 14.92437526  5759
0 ICEYE-X64
1 67373U 26004L   26203.69731545  .00000898  00000-0  10379-3 0  9999
2 67373  97.8032 201.7010 0006733  33.5498 326.6144 14.87999271 28574
0 ICEYE-X63
1 67372U 26004K   26203.71403206  .00000708  00000-0  82401-4 0  9997
2 67372  97.8019 201.8013 0004916  32.2134 327.9382 14.88358842 28589
0 ICEYE-X39
1 60546U 24149CG  26204.16594167  .00003353  00000-0  27346-3 0  9993
2 60546  97.6804 280.7085 0006625  23.6608 336.4919 15.00117787105515
0 OBJECT G
1 69588U 26138G   26204.21239955  .00000045  00000-0  10020-3 0  9991
2 69588  55.1390 148.0237 0009629   7.6734 352.4386 14.16073388  5129
0 OBJECT B
1 69583U 26138B   26204.29380481  .00000323  00000-0  24215-3 0  9995
2 69583  55.1400 147.8137 0011154   2.2414 357.8608 14.15655726  5132
CUBY-2
1 98283U          26194.91878597 +.00000266 +00000+0 +32461-4 0 00169
2 98283  97.7587  95.2617 0004834 107.3192 252.8556 14.90972435000981
0 OBJECT BU
1 69935U 26156BU  26204.16438293  .00002145  00000-0  21422-3 0  9998
2 69935  97.7479 104.3676 0011562  99.2816 260.9712 14.92494016  2362
0 OBJECT BD
1 69920U 26156BD  26204.16985220  .00001755  00000-0  17866-3 0  9992
2 69920  97.7522 104.3686 0009127  99.3632 260.8619 14.91972721  2365
IPoS-TDsM
1 98287U          26195.72547176 +.00000649 +00000+0 +71784-4 0 00187
2 98287  97.7526  96.0462 0005177  86.5628 273.6183 14.90703627001105
BRO-31
1 98286C 26156AT  26188.34310027 -.00015159  00000-0 -29981-2 0  9992
2 98286  97.7556  88.7966 0008537 145.5626 221.4467 14.91985986    17
FOSSASAT-2E26
1 98285C 26156AS  26188.34307596 -.00014171  00000-0 -28555-2 0  9997
2 98285  97.7540  88.7964 0006643 125.0034 241.8779 14.91251691    10
CUBY-1
1 98284U          26194.91878597 +.00000266 +00000+0 +32461-4 0 00160
2 98284  97.7587  95.2617 0004834 107.3192 252.8556 14.90972435000982
CUBY-3
1 98282U          26194.91878597 +.00000266 +00000+0 +32461-4 0 00168
2 98282  97.7587  95.2617 0004834 107.3192 252.8556 14.90972435000980
CUBY-4
1 98281U          26194.91878597 +.00000266 +00000+0 +32461-4 0 00167
2 98281  97.7587  95.2617 0004834 107.3192 252.8556 14.90972435000989
CUBY-5
1 98280U          26194.91878597 +.00000266 +00000+0 +32461-4 0 00166
2 98280  97.7587  95.2617 0004834 107.3192 252.8556 14.90972435000988
Centauri-9
1 98279U 26001A   26188.34186184  .00000000  00000-0  20819-6 0  9990
2 98279  97.7473  88.7946 0015982  99.5762 260.7915 14.90763950    03
CloudCT-Precursor
1 98278U          26194.98546000 +.00000621 +00000+0 +68319-4 0 00156
2 98278  97.7537  95.3242 0006154 102.8838 257.3068 14.91072525000990
CYBERCUBE
1 98277C 26156E   26188.33822758 -.00012978  00000-0 -25226-2 0  9994
2 98277  97.7504  88.7937 0011928 142.6529 198.2166 14.92649585    16
ION SCV-023
1 98276C 26156AV  26188.34325883 -.00015326  00000-0 -30352-2 0  9997
2 98276  97.7571  88.7970 0008176 145.9616 221.8956 14.91934636    13
Kita-36
1 98275U          26194.71576161 +.00001124 +00000+0 +11815-3 0 00185
2 98275  97.7554  95.0637 0006811 114.0130 246.1802 14.91373412000958
Kita-53
1 98274U          26194.64799869 +.00000396 +00000+0 +45068-4 0 00153
2 98274  97.7563  94.9999 0007037 118.9285 241.2640 14.91527391000943
0 OBJECT AZ
1 69916U 26156AZ  26203.98013224  .00002220  00000-0  23087-3 0  9992
2 69916  97.7513 104.1550 0004553  83.5426 276.6310 14.90876490  2337
MAVERIC
1 98271C 26156AK  26188.34183753 -.00015096  00000-0 -29727-2 0  9998
2 98271  97.7585  88.7954 0008957 150.5475 209.6785 14.92155297    10
Navigator
1 98270U          26195.71723136 +.00001334 +00000+0 +13575-3 0 00174
2 98270  97.7561  96.0597 0010651 125.6582 234.5631 14.92377320001105
OASIS Alpha
1 98269U 26001A   26188.34186184  .00000000  00000-0  20819-6 0  9999
2 98269  97.7473  88.7946 0015982  99.5762 260.7915 14.90763950    02
RAFS
1 98268U          26195.98796130 +.00001637 +00000+0 +16742-3 0 00191
2 98268  97.7561  96.3216 0008091 124.4578 235.7406 14.91883298001142
Replicator-2
1 98267U          26195.78516996 +.00000461 +00000+0 +50776-4 0 00121
2 98267  97.7547  96.1240 0009541 128.5112 231.6964 14.92191875000945
SCION-X
1 98266U          26194.91872915 +.00000319 +00000+0 +37874-4 0 00159
2 98266  97.7504  95.2558 0005725  99.6287 260.5578 14.90985937000984
SUCHAI-4
1 98265U          26195.59130917 +.00000708 +00000+0 +77792-4 0 00191
2 98265  97.7549  95.9161 0003639 100.9537 259.2091 14.90686294001086
TOM-1
1 98264U          26195.59130917 +.00000708 +00000+0 +77792-4 0 00190
2 98264  97.7549  95.9161 0003639 100.9537 259.2091 14.90686294001085
TOM-2
1 98263U          26195.92593358 +.00000737 +00000+0 +80338-4 0 00190
2 98263  97.7592  96.2498 0004119 113.3622 246.8030 14.90883557001138
TOM-3
1 98262U          26195.65820734 +.00000669 +00000+0 +73739-4 0 00168
2 98262  97.7570  95.9845 0004467  92.4221 267.7508 14.90732238001099
Sentinel-1
1 98261U          26195.78507578 +.00001615 +00000+0 +16388-3 0 00189
2 98261  97.7585  96.1262 0009881 127.2556 232.9566 14.92219643001116
MARMOTSat
1 98272U          26195.92593358 +.00000737 +00000+0 +80338-4 0 00190
2 98272  97.7592  96.2498 0004119 113.3622 246.8030 14.90883557001138
Unknown 1 T17
1 98259U          26194.91865210 +.00001488 +00000+0 +15610-3 0 00163
2 98259  97.7581  95.2617 0005175 106.4647 253.7140 14.91010768000984
ANDURIL-216
1 98258U          26194.64799869 +.00000396 +00000+0 +45068-4 0 00155
2 98258  97.7563  94.9999 0007037 118.9285 241.2640 14.91527391000945
0 6GSTARLAB
1 66683U 25276T   26204.16907332  .00002417  00000-0  12022-3 0  9990
2 66683  97.4231 276.9048 0004846 215.4307 144.6606 15.18569877 35863
0 OBJECT AQ
1 69907U 26156AQ  26204.18066200  .00000493  00000-0  55495-4 0  9996
2 69907  97.7498 104.3503 0005233  79.1088 281.0718 14.90936810  2368
0 OBJECT YN
1 69798U 98067YN  26203.00906778  .00033070  00000-0  57202-3 0  9991
2 69798  51.6321 127.5954 0009086 339.1650  20.8968 15.50596645  3059
Unknown 3 T17
1 98255U          26195.71723136 +.00001334 +00000+0 +13575-3 0 00177
2 98255  97.7561  96.0597 0010651 125.6582 234.5631 14.92377320001108
SOLARAS
1 98254U 26164B   26199.44281513  .00001536  00000-0  46956-4 0  9991
2 98254  59.9267 304.7361 0006750 269.2869  90.7445 15.39721932    25
